Openmath.Probe	0	6	
Openmath.Proofs.AdjacentHubs	0	16	
Openmath.Proofs.BipartiteBalance	0	5	
Openmath.Proofs.BipartiteEulerian	0	8	
Openmath.Proofs.BipartiteFive	0	39	
Openmath.Proofs.BipartiteObstruction	0	6	
Openmath.Proofs.BipartiteSeparation	0	7	
Openmath.Proofs.Compat	0	6	
Openmath.Proofs.Counting	0	6	
Openmath.Proofs.CoverTransfer	0	24	
Openmath.Proofs.Cubelike	0	8	
Openmath.Proofs.CubelikeForest	0	5	
Openmath.Proofs.CubelikeSplit	0	15	
Openmath.Proofs.CubelikeWitness	0	7	
Openmath.Proofs.CutGluing	0	6	
Openmath.Proofs.CycleFactors	0	6	
Openmath.Proofs.CycleLift	0	7	
Openmath.Proofs.DensityCore	0	6	
Openmath.Proofs.DirectedState	0	8	
Openmath.Proofs.DoubleWheel	0	6	
Openmath.Proofs.Extension	0	6	
Openmath.Proofs.FactorExchange	0	7	
Openmath.Proofs.Final	0	7	
Openmath.Proofs.Five	0	6	
Openmath.Proofs.Haar	0	6	
Openmath.Proofs.HaarClassification	0	6	
Openmath.Proofs.HaarComponents104	0	6	
Openmath.Proofs.HaarComposite	0	6	
Openmath.Proofs.HaarCompositeBlue	0	6	
Openmath.Proofs.HaarCompositeDefs	0	7	
Openmath.Proofs.HaarCompositeEven	0	6	
Openmath.Proofs.HaarCompositeEvenBlue	0	7	
Openmath.Proofs.HaarCompositeEvenDefs	0	6	
Openmath.Proofs.HaarCompositeEvenRed	0	6	
Openmath.Proofs.HaarCycle	0	5	
Openmath.Proofs.HaarDegree	0	6	
Openmath.Proofs.HaarExtraction	0	6	
Openmath.Proofs.HaarGamma	0	6	
Openmath.Proofs.HaarPair	0	7	
Openmath.Proofs.HaarRankOne	0	6	
Openmath.Proofs.HaarRankTwo	0	6	
Openmath.Proofs.HaarSixCycle	0	6	
Openmath.Proofs.HaarWitness	0	5	
Openmath.Proofs.IncidenceExpansion	0	18	
Openmath.Proofs.IncidenceHubs	0	6	
Openmath.Proofs.InducedComponentBarrier104	0	6	
Openmath.Proofs.KempeSwap104	0	5	
Openmath.Proofs.LatinIncidence	0	6	
Openmath.Proofs.LocalMatchingProbe	0	5	
Openmath.Proofs.MatchingComponents	0	6	
Openmath.Proofs.MatchingCutPaths	0	7	
Openmath.Proofs.MatchingJoinCertificates	0	17	
Openmath.Proofs.MatchingJoinCore	0	6	
Openmath.Proofs.MatchingJoinCycles	0	6	
Openmath.Proofs.MatchingJoinDefs	0	6	
Openmath.Proofs.MatchingJoinDegree	0	6	
Openmath.Proofs.MatchingJoinPaths	0	7	
Openmath.Proofs.MatchingJoinSelection	0	6	
Openmath.Proofs.MatchingJoinWalks	0	7	
Openmath.Proofs.MatchingSubdivision	0	7	
Openmath.Proofs.ParabolaAlgebra104	0	4	
Openmath.Proofs.ParabolaBarrier104	0	6	
Openmath.Proofs.ParabolaGraph104	0	7	
Openmath.Proofs.ParabolaGrowth104	0	4	
Openmath.Proofs.PortCompletion	0	6	
Openmath.Proofs.RegularFive	0	8	
Openmath.Proofs.RimDensity	0	9	
Openmath.Proofs.RimStrip	0	7	
Openmath.Proofs.SignedPrismCore	0	13	
Openmath.Proofs.SignedPrismCoreDefs	0	7	
Openmath.Proofs.SmallExact	0	7	
Openmath.Proofs.TopFive	0	6	
Openmath.Proofs.TwinComponentCount	0	4	
Openmath.Proofs.TwinCoreForcing	0	6	
Openmath.Proofs.TwinDoubleCycle	0	6	
Openmath.Proofs.TwinNoSingleton	0	6	
Openmath.Proofs.TwinZeroSum	0	5	
Openmath.Proofs.TwoHub	0	11	
Openmath.Proofs.TwoHubFamily	0	6	
Openmath.Proofs.Wenger	0	5	
Openmath.Smoke	0	7	
Openmath.Target	0	21	
Openmath.Upstream585	0	14	
