Openmath.Proofs.BipartiteEulerian	0	8	
Openmath.Proofs.BipartiteObstruction	0	7	
Openmath.Proofs.BipartiteSeparation	0	9	
Openmath.Proofs.CoverTransfer	0	21	
Openmath.Proofs.Cubelike	0	9	
Openmath.Proofs.CubelikeForest	0	6	
Openmath.Proofs.CubelikeSplit	0	15	
Openmath.Proofs.CubelikeWitness	0	7	
Openmath.Proofs.CycleFactors	0	7	
Openmath.Proofs.CycleLift	0	7	
Openmath.Proofs.DirectedState	0	8	
Openmath.Proofs.FactorExchange	0	7	
Openmath.Proofs.Haar	0	7	
Openmath.Proofs.HaarClassification	0	7	
Openmath.Proofs.HaarComponents104	0	7	
Openmath.Proofs.HaarComposite	0	7	
Openmath.Proofs.HaarCompositeBlue	0	7	
Openmath.Proofs.HaarCompositeDefs	0	7	
Openmath.Proofs.HaarCompositeEven	0	7	
Openmath.Proofs.HaarCompositeEvenBlue	0	7	
Openmath.Proofs.HaarCompositeEvenDefs	0	7	
Openmath.Proofs.HaarCompositeEvenRed	0	7	
Openmath.Proofs.HaarCycle	0	5	
Openmath.Proofs.HaarDegree	0	7	
Openmath.Proofs.HaarExtraction	0	7	
Openmath.Proofs.HaarGamma	0	7	
Openmath.Proofs.HaarPair	0	7	
Openmath.Proofs.HaarRankOne	0	7	
Openmath.Proofs.HaarRankTwo	0	7	
Openmath.Proofs.HaarSixCycle	0	7	
Openmath.Proofs.HaarWitness	0	6	
Openmath.Proofs.IncidenceExpansion	0	17	
Openmath.Proofs.InducedComponentBarrier104	0	7	
Openmath.Proofs.KempeSwap104	0	5	
Openmath.Proofs.LocalMatchingProbe	0	6	
Openmath.Proofs.MatchingComponents	0	7	
Openmath.Proofs.MatchingCutPaths	0	7	
Openmath.Proofs.MatchingJoinCertificates	0	17	
Openmath.Proofs.MatchingJoinCore	0	7	
Openmath.Proofs.MatchingJoinCycles	0	7	
Openmath.Proofs.MatchingJoinDefs	0	7	
Openmath.Proofs.MatchingJoinDegree	0	7	
Openmath.Proofs.MatchingJoinPaths	0	7	
Openmath.Proofs.MatchingJoinSelection	0	7	
Openmath.Proofs.MatchingJoinWalks	0	7	
Openmath.Proofs.ParabolaAlgebra104	0	6	
Openmath.Proofs.ParabolaBarrier104	0	7	
Openmath.Proofs.ParabolaGraph104	0	7	
Openmath.Proofs.ParabolaGrowth104	0	6	
Openmath.Proofs.PortCompletion	0	7	
Openmath.Proofs.SignedPrismCore	0	15	
Openmath.Proofs.SignedPrismCoreDefs	0	8	
Openmath.Proofs.TwinComponentCount	0	5	
Openmath.Proofs.TwinCoreForcing	0	7	
Openmath.Proofs.TwinDoubleCycle	0	7	
Openmath.Proofs.TwinNoSingleton	0	7	
Openmath.Proofs.TwinZeroSum	0	6	
Openmath.Proofs.Wenger	0	6	
