Erdos585.TwinCoreForcing.groupedGraph_hasPair_of_no_singletons	Openmath/Proofs/TwinCoreForcing.lean	RESULT: PASS build=ok sorry=0 axioms=[propext,Classical.choice,Quot.sound] disallowed=[]
Erdos585.TwinNoSingleton.hasPair_of_no_singleton_twins	Openmath/Proofs/TwinNoSingleton.lean	RESULT: PASS build=ok sorry=0 axioms=[propext,Classical.choice,Quot.sound] disallowed=[]
Erdos585.ParabolaBarrier104.arbitrary_polylog_barrier	Openmath/Proofs/ParabolaBarrier104.lean	RESULT: PASS build=ok sorry=0 axioms=[propext,Classical.choice,Quot.sound] disallowed=[]
Erdos585.BipartiteEulerian.counterexample	Openmath/Proofs/BipartiteEulerian.lean	RESULT: PASS build=ok sorry=0 axioms=[propext,Classical.choice,Quot.sound] disallowed=[]
Erdos585.BipartiteObstruction.missing_matching_three	Openmath/Proofs/BipartiteObstruction.lean	RESULT: PASS build=ok sorry=0 axioms=[propext,Classical.choice,Quot.sound] disallowed=[]
Erdos585.BipartiteSeparation.counterexample	Openmath/Proofs/BipartiteSeparation.lean	RESULT: PASS build=ok sorry=0 axioms=[propext,Classical.choice,Quot.sound] disallowed=[]
Erdos585.CoverTransfer.counterexample	Openmath/Proofs/CoverTransfer.lean	RESULT: PASS build=ok sorry=0 axioms=[propext,Classical.choice,Quot.sound] disallowed=[]
Erdos585.Cubelike.card_le_three_of_avoiding	Openmath/Proofs/Cubelike.lean	RESULT: PASS build=ok sorry=0 axioms=[propext,Classical.choice,Quot.sound] disallowed=[]
Erdos585.Cubelike.forest_certificate	Openmath/Proofs/Cubelike.lean	RESULT: PASS build=ok sorry=0 axioms=[propext,Classical.choice,Quot.sound] disallowed=[]
Erdos585.Cubelike.hasPair_of_four	Openmath/Proofs/Cubelike.lean	RESULT: PASS build=ok sorry=0 axioms=[propext,Classical.choice,Quot.sound] disallowed=[]
Erdos585.Cubelike.regular_gamma_cubelike	Openmath/Proofs/Cubelike.lean	RESULT: PASS build=ok sorry=0 axioms=[propext,Classical.choice,Quot.sound] disallowed=[]
Erdos585.CubelikeForest.cycle_law_forest_of_certificate	Openmath/Proofs/CubelikeForest.lean	RESULT: PASS build=ok sorry=0 axioms=[propext,Classical.choice,Quot.sound] disallowed=[]
Erdos585.CubelikeSplit.counterexample	Openmath/Proofs/CubelikeSplit.lean	RESULT: PASS build=ok sorry=0 axioms=[propext,Classical.choice,Quot.sound] disallowed=[]
Erdos585.CubelikeWitness.hasPair_folded	Openmath/Proofs/CubelikeWitness.lean	RESULT: PASS build=ok sorry=0 axioms=[propext,Classical.choice,Quot.sound] disallowed=[]
Erdos585.CubelikeWitness.hasPair_q4	Openmath/Proofs/CubelikeWitness.lean	RESULT: PASS build=ok sorry=0 axioms=[propext,Classical.choice,Quot.sound] disallowed=[]
Erdos585.CycleLift.splitGraph_pairfree	Openmath/Proofs/CycleLift.lean	RESULT: PASS build=ok sorry=0 axioms=[propext,Classical.choice,Quot.sound] disallowed=[]
Erdos585.DirectedState.counterexample	Openmath/Proofs/DirectedState.lean	RESULT: PASS build=ok sorry=0 axioms=[propext,Classical.choice,Quot.sound] disallowed=[]
Erdos585.DirectedState.forced_of_two_six_cuts	Openmath/Proofs/DirectedState.lean	RESULT: PASS build=ok sorry=0 axioms=[propext,Classical.choice,Quot.sound] disallowed=[]
Erdos585.FactorExchange.no_spanning_cycle	Openmath/Proofs/FactorExchange.lean	RESULT: PASS build=ok sorry=0 axioms=[propext,Classical.choice,Quot.sound] disallowed=[]
Erdos585.Haar.rankThree_hasPair	Openmath/Proofs/Haar.lean	RESULT: PASS build=ok sorry=0 axioms=[propext,Classical.choice,Quot.sound] disallowed=[]
Erdos585.HaarClassification.hasPair_of_four	Openmath/Proofs/HaarClassification.lean	RESULT: PASS build=ok sorry=0 axioms=[propext,Classical.choice,Quot.sound] disallowed=[]
Erdos585.HaarComposite.hasTwoEdgeDisjointCyclesSameVertexSet	Openmath/Proofs/HaarComposite.lean	RESULT: PASS build=ok sorry=0 axioms=[propext,Classical.choice,Quot.sound] disallowed=[]
Erdos585.HaarCompositeEven.hasTwoEdgeDisjointCyclesSameVertexSet_all	Openmath/Proofs/HaarCompositeEven.lean	RESULT: PASS build=ok sorry=0 axioms=[propext,Classical.choice,Quot.sound] disallowed=[]
Erdos585.HaarCycle.cycle_of_two_matchings	Openmath/Proofs/HaarCycle.lean	RESULT: PASS build=ok sorry=0 axioms=[propext,Classical.choice,Quot.sound] disallowed=[]
Erdos585.HaarCycle.splice_isCycleOn	Openmath/Proofs/HaarCycle.lean	RESULT: PASS build=ok sorry=0 axioms=[propext,Classical.choice,Quot.sound] disallowed=[]
Erdos585.HaarDegree.four_le_card_of_pair	Openmath/Proofs/HaarDegree.lean	RESULT: PASS build=ok sorry=0 axioms=[propext,Classical.choice,Quot.sound] disallowed=[]
Erdos585.HaarExtraction.family_boundary	Openmath/Proofs/HaarExtraction.lean	RESULT: PASS build=ok sorry=0 axioms=[propext,Classical.choice,Quot.sound] disallowed=[]
Erdos585.HaarGamma.hasPair_iff	Openmath/Proofs/HaarGamma.lean	RESULT: PASS build=ok sorry=0 axioms=[propext,Classical.choice,Quot.sound] disallowed=[]
Erdos585.HaarGamma.regular_gamma_haar	Openmath/Proofs/HaarGamma.lean	RESULT: PASS build=ok sorry=0 axioms=[propext,Classical.choice,Quot.sound] disallowed=[]
Erdos585.HaarPair.hasPair_of_matching_permutations	Openmath/Proofs/HaarPair.lean	RESULT: PASS build=ok sorry=0 axioms=[propext,Classical.choice,Quot.sound] disallowed=[]
Erdos585.HaarRankOne.hasPair_of_four_distinct	Openmath/Proofs/HaarRankOne.lean	RESULT: PASS build=ok sorry=0 axioms=[propext,Classical.choice,Quot.sound] disallowed=[]
Erdos585.HaarRankTwo.hasPair	Openmath/Proofs/HaarRankTwo.lean	RESULT: PASS build=ok sorry=0 axioms=[propext,Classical.choice,Quot.sound] disallowed=[]
Erdos585.HaarSixCycle.exists_six_cycle	Openmath/Proofs/HaarSixCycle.lean	RESULT: PASS build=ok sorry=0 axioms=[propext,Classical.choice,Quot.sound] disallowed=[]
Erdos585.IncidenceExpansion.three_hamilton_cycles	Openmath/Proofs/IncidenceExpansion.lean	RESULT: PASS build=ok sorry=0 axioms=[propext,Classical.choice,Quot.sound] disallowed=[]
Erdos585.LocalMatchingProbe.probe_unmatched_bounds	Openmath/Proofs/LocalMatchingProbe.lean	RESULT: PASS build=ok sorry=0 axioms=[propext,Classical.choice,Quot.sound] disallowed=[]
Erdos585.MatchingJoin.matching_join_raising_counterexample	Openmath/Proofs/MatchingJoinCore.lean	RESULT: PASS build=ok sorry=0 axioms=[propext,Classical.choice,Quot.sound] disallowed=[]
Erdos585.PortCompletion.exists_good_pairing	Openmath/Proofs/PortCompletion.lean	RESULT: PASS build=ok sorry=0 axioms=[propext,Classical.choice,Quot.sound] disallowed=[]
Erdos585.SignedPrismCore.signed_prism_raising_counterexample	Openmath/Proofs/SignedPrismCore.lean	RESULT: PASS build=ok sorry=0 axioms=[propext,Classical.choice,Quot.sound] disallowed=[]
Erdos585.Wenger.no_six_cycle	Openmath/Proofs/Wenger.lean	RESULT: PASS build=ok sorry=0 axioms=[propext,Classical.choice,Quot.sound] disallowed=[]
