1	8	0,4,8,2,9,6,3,10	0,6,2,10,4,9,3,8
2	8	1,5,6,9,2,8,3,10	1,8,5,10,2,6,3,9
3	8	0,4,8,2,9,3,10,6	0,8,3,6,2,10,4,9
4	7	1,7,2,8,9,3,10	1,8,3,7,10,2,9
5	7	1,7,2,8,10,3,9	1,8,3,7,9,2,10
6	7	1,7,2,8,3,9,10	1,8,7,3,10,2,9
7	8	0,4,7,8,2,9,3,10	0,8,3,7,2,10,4,9
8	8	1,5,2,8,6,9,3,10	1,6,3,8,5,10,2,9
9	8	1,5,2,8,6,10,3,9	1,6,3,8,5,9,2,10
10	7	2,7,3,8,9,4,10	2,8,4,7,10,3,9
11	7	2,7,3,8,10,4,9	2,8,4,7,9,3,10
12	7	2,7,3,8,4,9,10	2,8,7,4,10,3,9
13	8	0,4,1,8,5,9,2,10	0,5,2,8,4,10,1,9
14	8	0,4,1,8,2,9,5,10	0,5,2,10,1,9,4,8
15	8	0,4,1,8,2,9,6,10	0,8,4,6,2,10,1,9
16	8	0,4,1,8,3,10,7,9	0,8,4,9,3,7,1,10
17	11	0,4,1,7,5,8,2,6,9,3,10	0,5,2,10,1,8,4,6,3,7,9
18	11	0,4,1,7,5,8,2,6,9,3,10	0,5,2,10,1,8,4,6,3,7,9
19	8	0,4,1,8,2,9,5,10	0,5,2,10,1,9,4,8
20	7	0,4,1,8,9,5,10	0,5,8,4,10,1,9
21	7	0,5,8,3,9,6,10	0,8,6,3,10,5,9
22	7	0,7,1,8,9,3,10	0,8,3,7,10,1,9
23	7	0,4,1,8,10,5,9	0,5,8,4,9,1,10
24	7	0,4,1,8,5,9,10	0,5,10,1,9,4,8
25	7	1,4,8,2,9,5,10	1,8,5,2,10,4,9
26	7	2,5,8,3,9,6,10	2,6,3,10,5,9,8
27	7	1,7,2,8,9,3,10	1,8,3,7,10,2,9
28	7	2,5,8,6,9,3,10	2,6,3,8,10,5,9
29	7	2,5,8,3,10,9,6	2,8,6,3,9,5,10
30	7	1,4,6,8,9,3,10	1,8,3,6,10,4,9
31	7	1,4,8,3,9,7,10	1,7,3,10,4,9,8
32	7	0,4,1,9,5,10,8	0,5,8,1,10,4,9
33	7	0,4,1,8,5,10,9	0,5,9,1,10,4,8
34	7	1,7,3,8,9,6,10	1,8,6,3,10,7,9
35	7	1,4,6,9,3,10,8	1,9,4,8,3,6,10
36	7	1,4,6,8,3,10,9	1,8,4,9,3,6,10
37	6	1,7,3,9,8,10	1,8,3,10,7,9
38	8	0,4,1,7,10,9,3,8	0,7,3,10,1,8,4,9
39	11	0,4,1,7,2,5,8,6,3,10,9	0,5,10,1,8,2,6,4,9,3,7
40	7	0,3,8,1,9,4,10	0,8,4,1,10,3,9
41	7	0,3,8,2,9,5,10	0,8,5,2,10,3,9
42	8	0,3,8,1,4,9,6,10	0,6,1,9,3,10,4,8
43	7	0,3,8,2,9,7,10	0,8,7,2,10,3,9
44	7	0,3,8,5,9,2,10	0,5,2,8,10,3,9
45	7	0,3,8,2,10,9,5	0,8,5,2,9,3,10
46	7	1,4,8,2,9,5,10	1,8,5,2,10,4,9
47	8	0,3,8,1,4,10,6,9	0,6,1,10,3,9,4,8
48	7	1,4,8,2,9,7,10	1,8,7,2,10,4,9
49	7	1,7,2,8,10,3,9	1,8,3,7,9,2,10
50	7	1,7,2,8,3,9,10	1,8,7,3,10,2,9
51	8	0,3,8,2,9,5,10,6	0,5,2,10,3,9,6,8
52	7	2,5,8,3,9,7,10	2,8,7,3,10,5,9
53	7	0,3,8,2,10,5,9	0,5,2,9,3,10,8
54	7	0,3,8,2,9,10,5	0,8,5,2,10,3,9
55	8	1,4,8,2,9,3,10,7	1,8,3,7,2,10,4,9
56	7	2,7,3,8,10,4,9	2,8,4,7,9,3,10
57	7	2,7,3,8,4,9,10	2,8,7,4,10,3,9
58	7	1,4,8,2,10,7,9	1,7,2,9,4,10,8
59	7	1,4,8,2,9,10,7	1,8,7,2,10,4,9
60	6	2,7,3,8,10,9	2,8,7,9,3,10
61	7	0,3,8,1,9,4,10	0,8,4,1,10,3,9
62	7	0,3,8,2,9,5,10	0,5,2,10,3,9,8
63	8	0,3,8,1,4,9,5,10	0,5,1,9,3,10,4,8
64	7	0,3,8,4,9,7,10	0,7,4,10,3,9,8
65	7	0,5,1,8,10,4,9	0,8,4,1,9,5,10
66	7	0,3,8,4,10,9,7	0,8,7,4,9,3,10
67	7	1,4,8,2,9,5,10	1,5,2,10,4,9,8
68	7	1,4,8,3,9,6,10	1,6,3,10,4,9,8
69	8	0,3,8,1,4,10,5,9	0,5,1,10,3,9,4,8
70	7	0,3,8,1,10,5,9	0,5,1,9,3,10,8
71	7	1,4,8,3,10,9,6	1,8,6,3,9,4,10
72	8	1,4,8,2,9,3,10,6	1,8,3,6,2,10,4,9
73	8	0,3,8,2,9,4,10,7	0,8,4,7,2,10,3,9
74	7	0,3,8,2,10,5,9	0,5,2,9,3,10,8
75	8	0,3,6,8,2,5,10,9	0,5,9,6,2,10,3,8
76	7	3,6,8,4,9,7,10	3,8,7,4,10,6,9
77	7	1,4,8,3,10,6,9	1,6,3,9,4,10,8
78	7	1,4,8,3,9,10,6	1,8,6,3,10,4,9
79	7	0,3,8,4,10,7,9	0,7,4,9,3,10,8
80	7	0,3,8,4,9,10,7	0,8,7,4,10,3,9
81	11	0,3,6,1,4,7,8,2,5,10,9	0,5,1,8,3,10,4,9,6,2,7
82	7	0,3,8,1,9,4,10	0,8,4,1,10,3,9
83	7	0,3,8,1,9,5,10	0,8,5,1,10,3,9
84	7	0,3,8,2,9,6,10	0,8,6,2,10,3,9
85	7	0,3,8,1,9,7,10	0,8,7,1,10,3,9
86	7	0,3,8,4,9,1,10	0,4,1,8,10,3,9
87	7	0,3,8,1,10,9,4	0,8,4,1,9,3,10
88	7	0,3,8,2,9,5,10	0,8,5,2,10,3,9
89	7	0,3,8,2,9,6,10	0,8,6,2,10,3,9
90	7	0,4,8,3,9,7,10	0,8,7,3,10,4,9
91	7	0,3,8,6,9,2,10	0,6,2,8,10,3,9
92	7	0,3,8,2,10,9,6	0,8,6,2,9,3,10
93	7	0,3,8,2,9,5,10	0,8,5,2,10,3,9
94	7	0,3,8,2,9,5,10	0,8,5,2,10,3,9
95	7	0,3,8,2,9,5,10	0,8,5,2,10,3,9
96	7	0,3,8,2,9,5,10	0,8,5,2,10,3,9
97	7	0,3,8,2,9,6,10	0,8,6,2,10,3,9
98	7	0,3,8,2,9,6,10	0,8,6,2,10,3,9
99	7	0,3,8,2,9,6,10	0,8,6,2,10,3,9
100	7	0,3,8,6,9,2,10	0,6,2,8,10,3,9
101	7	0,3,8,2,10,9,6	0,8,6,2,9,3,10
102	6	0,6,2,8,10,9	0,8,6,9,2,10
103	7	1,4,8,2,9,5,10	1,8,5,2,10,4,9
104	7	1,4,8,2,9,6,10	1,8,6,2,10,4,9
105	7	1,4,8,3,9,7,10	1,8,7,3,10,4,9
106	7	0,3,8,1,10,4,9	0,4,1,9,3,10,8
107	7	0,3,8,1,9,10,4	0,8,4,1,10,3,9
108	7	1,5,8,2,9,6,10	1,8,6,2,10,5,9
109	7	1,7,8,2,9,5,10	1,8,5,2,10,7,9
110	7	1,7,5,9,2,10,8	1,9,7,8,2,5,10
111	7	1,7,5,8,2,10,9	1,8,7,9,2,5,10
112	7	1,7,8,2,9,6,10	1,8,6,2,10,7,9
113	7	0,3,8,2,10,6,9	0,6,2,9,3,10,8
114	7	0,3,8,2,9,10,6	0,8,6,2,10,3,9
115	7	1,5,2,8,10,7,9	1,7,8,5,9,2,10
116	7	1,5,2,8,7,9,10	1,7,10,2,9,5,8
117	6	1,5,2,8,10,9	1,8,5,9,2,10
118	7	2,5,8,4,9,6,10	2,8,6,4,10,5,9
119	7	2,5,8,3,9,7,10	2,8,7,3,10,5,9
120	7	1,4,8,2,10,5,9	1,5,2,9,4,10,8
121	7	1,4,8,2,9,10,5	1,8,5,2,10,4,9
122	7	2,6,8,3,9,7,10	2,8,7,3,10,6,9
123	7	0,3,8,2,10,6,9	0,6,2,9,3,10,8
124	7	0,3,8,2,9,10,6	0,8,6,2,10,3,9
125	7	0,3,7,9,4,10,8	0,4,8,7,10,3,9
126	7	0,3,7,8,4,10,9	0,4,9,7,10,3,8
127	6	0,3,8,4,10,9	0,4,9,3,10,8
128	7	2,5,8,3,9,7,10	2,8,7,3,10,5,9
129	7	0,3,8,2,10,6,9	0,6,2,9,3,10,8
130	7	0,3,8,2,9,10,6	0,8,6,2,10,3,9
131	7	1,5,2,9,7,10,8	1,7,8,2,10,5,9
132	7	1,5,2,8,7,10,9	1,7,9,2,10,5,8
133	6	3,7,5,8,10,9	3,8,7,9,5,10
134	7	0,3,8,2,10,6,9	0,6,2,9,3,10,8
135	7	0,3,8,2,9,10,6	0,8,6,2,10,3,9
136	6	0,3,8,6,10,9	0,6,9,3,10,8
137	6	2,5,7,8,10,9	2,8,5,9,7,10
