2442	5	0,4,5,6,7	0,5,7,4,6
2445	5	0,4,5,6,7	0,5,7,4,6
2447	5	0,4,5,6,7	0,5,7,4,6
2448	5	0,4,5,6,7	0,5,7,4,6
2483	5	0,4,5,6,7	0,5,7,4,6
2484	5	0,4,5,6,7	0,5,7,4,6
2487	5	0,4,5,6,7	0,5,7,4,6
2488	5	0,4,5,6,7	0,5,7,4,6
2489	5	0,4,5,6,7	0,5,7,4,6
2501	5	0,4,5,6,7	0,5,7,4,6
2502	5	0,4,5,6,7	0,5,7,4,6
2503	5	0,4,5,6,7	0,5,7,4,6
2505	5	0,4,5,6,7	0,5,7,4,6
3225	5	0,4,5,6,7	0,5,7,4,6
3228	5	0,4,5,6,7	0,5,7,4,6
3229	5	0,4,5,6,7	0,5,7,4,6
3230	5	0,4,5,6,7	0,5,7,4,6
3233	5	0,4,5,6,7	0,5,7,4,6
3234	5	0,4,5,6,7	0,5,7,4,6
3237	5	0,4,5,6,7	0,5,7,4,6
3238	5	0,4,5,6,7	0,5,7,4,6
3239	5	0,4,5,6,7	0,5,7,4,6
3257	5	0,4,5,6,7	0,5,7,4,6
3258	5	0,4,5,6,7	0,5,7,4,6
3259	5	0,4,5,6,7	0,5,7,4,6
3260	5	0,4,5,6,7	0,5,7,4,6
3262	5	0,4,5,6,7	0,5,7,4,6
3263	5	0,4,5,6,7	0,5,7,4,6
3265	5	0,4,5,6,7	0,5,7,4,6
3366	5	0,4,5,6,7	0,5,7,4,6
3367	5	0,4,5,6,7	0,5,7,4,6
3368	5	0,4,5,6,7	0,5,7,4,6
3370	5	0,4,5,6,7	0,5,7,4,6
3371	5	0,4,5,6,7	0,5,7,4,6
3372	5	0,4,5,6,7	0,5,7,4,6
3378	5	0,4,5,6,7	0,5,7,4,6
3457	6	0,4,1,6,5,7	0,5,1,7,4,6
3459	6	0,4,1,6,5,7	0,5,1,7,4,6
3460	6	0,4,1,6,5,7	0,5,1,7,4,6
3461	6	0,4,1,6,5,7	0,5,1,7,4,6
3463	6	0,4,1,6,5,7	0,5,1,7,4,6
3464	6	0,4,1,6,5,7	0,5,1,7,4,6
3475	6	0,4,1,6,5,7	0,5,1,7,4,6
3476	6	0,4,1,6,5,7	0,5,1,7,4,6
3477	6	0,4,1,6,5,7	0,5,1,7,4,6
3478	6	0,4,1,6,5,7	0,5,1,7,4,6
3479	6	0,4,1,6,5,7	0,5,1,7,4,6
3480	6	0,4,1,6,5,7	0,5,1,7,4,6
3481	6	0,4,1,6,5,7	0,5,1,7,4,6
3482	6	0,4,1,6,5,7	0,5,1,7,4,6
4349	6	0,4,1,6,5,7	0,5,1,7,4,6
4351	6	0,4,1,6,5,7	0,5,1,7,4,6
4352	6	0,4,1,6,5,7	0,5,1,7,4,6
4353	6	0,4,1,6,5,7	0,5,1,7,4,6
4354	6	0,4,1,6,5,7	0,5,1,7,4,6
4355	6	0,4,1,6,5,7	0,5,1,7,4,6
4356	6	0,4,1,6,5,7	0,5,1,7,4,6
4366	6	0,4,1,6,5,7	0,5,1,7,4,6
4367	6	0,4,1,6,5,7	0,5,1,7,4,6
4741	6	0,4,1,5,7,6	0,5,4,6,1,7
4742	6	0,4,1,5,7,6	0,5,4,6,1,7
4745	6	0,4,1,5,7,6	0,5,4,6,1,7
4746	6	0,4,1,5,7,6	0,5,4,6,1,7
4747	6	0,4,1,5,7,6	0,5,4,6,1,7
4749	6	0,4,1,5,7,6	0,5,4,6,1,7
4750	6	0,4,1,6,5,7	0,5,1,7,4,6
4751	5	0,4,5,6,7	0,5,7,4,6
4752	6	0,4,1,6,5,7	0,5,1,7,4,6
4753	5	0,4,5,6,7	0,5,7,4,6
4754	5	0,4,5,6,7	0,5,7,4,6
4755	5	0,4,5,6,7	0,5,7,4,6
4759	6	0,4,1,5,7,6	0,5,4,6,1,7
4760	6	0,4,1,5,7,6	0,5,4,6,1,7
4761	6	0,4,1,5,7,6	0,5,4,6,1,7
4762	6	0,4,1,6,5,7	0,5,1,7,4,6
4763	5	0,4,5,6,7	0,5,7,4,6
4764	5	0,4,5,6,7	0,5,7,4,6
4765	5	0,4,5,6,7	0,5,7,4,6
4768	5	0,4,5,6,7	0,5,7,4,6
4769	5	0,4,5,6,7	0,5,7,4,6
4771	5	0,4,5,6,7	0,5,7,4,6
4772	6	0,4,1,6,5,7	0,5,1,7,4,6
4773	5	0,4,5,6,7	0,5,7,4,6
4981	5	0,4,5,6,7	0,5,7,4,6
4982	5	0,4,5,6,7	0,5,7,4,6
4983	5	0,4,5,6,7	0,5,7,4,6
4987	5	0,4,5,6,7	0,5,7,4,6
4988	5	0,4,5,6,7	0,5,7,4,6
4989	5	0,4,5,6,7	0,5,7,4,6
4991	5	0,4,5,6,7	0,5,7,4,6
5006	5	0,4,5,6,7	0,5,7,4,6
5008	5	0,4,5,6,7	0,5,7,4,6
5017	5	0,4,5,6,7	0,5,7,4,6
5019	5	0,4,5,6,7	0,5,7,4,6
5023	5	0,4,5,6,7	0,5,7,4,6
5024	5	0,4,5,6,7	0,5,7,4,6
5025	5	0,4,5,6,7	0,5,7,4,6
5027	5	0,4,5,6,7	0,5,7,4,6
5032	5	0,4,5,6,7	0,5,7,4,6
5184	6	0,4,1,6,5,7	0,5,1,7,4,6
5207	6	0,4,1,5,7,6	0,5,4,6,1,7
5208	6	0,4,1,5,7,6	0,5,4,6,1,7
5210	6	0,4,1,5,7,6	0,5,4,6,1,7
5213	6	0,4,1,5,7,6	0,5,4,6,1,7
5214	6	0,4,1,5,7,6	0,5,4,6,1,7
5215	6	0,4,1,5,7,6	0,5,4,6,1,7
5217	6	0,4,1,5,7,6	0,5,4,6,1,7
5220	6	0,4,1,5,7,6	0,5,4,6,1,7
5222	6	0,4,1,5,7,6	0,5,4,6,1,7
5224	6	0,4,1,5,7,6	0,5,4,6,1,7
5225	6	0,4,1,5,7,6	0,5,4,6,1,7
5227	6	0,4,1,5,7,6	0,5,4,6,1,7
5259	6	0,4,1,5,7,6	0,5,4,6,1,7
5260	6	0,4,1,5,7,6	0,5,4,6,1,7
5261	6	0,4,1,5,7,6	0,5,4,6,1,7
5264	6	0,4,1,5,6,7	0,5,4,7,1,6
5265	6	0,4,1,6,5,7	0,5,1,7,4,6
5266	6	0,4,1,5,7,6	0,5,4,6,1,7
5267	5	0,4,5,6,7	0,5,7,4,6
5268	5	0,4,5,6,7	0,5,7,4,6
5269	5	0,4,5,6,7	0,5,7,4,6
5270	6	0,4,1,5,7,6	0,5,4,6,1,7
5271	5	0,4,5,6,7	0,5,7,4,6
5272	5	0,4,5,6,7	0,5,7,4,6
5335	5	0,4,5,6,7	0,5,7,4,6
5336	5	0,4,5,6,7	0,5,7,4,6
5337	5	0,4,5,6,7	0,5,7,4,6
5340	5	0,4,5,6,7	0,5,7,4,6
5341	5	0,4,5,6,7	0,5,7,4,6
5343	5	0,4,5,6,7	0,5,7,4,6
5347	5	0,4,5,6,7	0,5,7,4,6
5349	6	0,4,1,5,7,6	0,5,4,6,1,7
5350	6	0,4,1,5,7,6	0,5,4,6,1,7
5352	6	0,4,1,5,7,6	0,5,4,6,1,7
5353	5	0,4,5,6,7	0,5,7,4,6
5410	7	0,4,1,5,7,2,6	0,5,2,4,6,1,7
5411	7	0,4,1,5,7,2,6	0,5,2,4,6,1,7
5412	7	0,4,1,5,7,2,6	0,5,2,4,6,1,7
5414	7	0,4,1,5,7,2,6	0,5,2,4,6,1,7
5416	7	0,4,1,5,7,2,6	0,5,2,4,6,1,7
5418	7	0,4,1,5,7,2,6	0,5,2,4,6,1,7
5419	7	0,4,1,5,7,2,6	0,5,2,4,6,1,7
5420	7	0,4,1,5,7,2,6	0,5,2,4,6,1,7
5422	7	0,4,1,5,7,2,6	0,5,2,4,6,1,7
5423	7	0,4,1,5,7,2,6	0,5,2,4,6,1,7
5424	7	0,4,1,5,7,2,6	0,5,2,4,6,1,7
5425	6	0,4,1,6,5,7	0,5,1,7,4,6
5426	6	0,4,1,6,5,7	0,5,1,7,4,6
5427	6	0,4,1,6,5,7	0,5,1,7,4,6
5428	6	0,4,1,6,5,7	0,5,1,7,4,6
5429	6	0,4,1,6,5,7	0,5,1,7,4,6
5430	6	0,4,1,6,5,7	0,5,1,7,4,6
5431	6	0,4,1,6,5,7	0,5,1,7,4,6
5433	6	0,4,1,6,5,7	0,5,1,7,4,6
5434	6	0,4,1,6,5,7	0,5,1,7,4,6
5436	6	0,4,1,6,5,7	0,5,1,7,4,6
5437	6	0,4,1,6,5,7	0,5,1,7,4,6
5438	6	0,4,1,6,5,7	0,5,1,7,4,6
5522	6	0,4,1,6,5,7	0,5,1,7,4,6
5523	6	0,4,1,6,5,7	0,5,1,7,4,6
5524	6	0,4,1,6,5,7	0,5,1,7,4,6
5525	6	0,4,1,6,5,7	0,5,1,7,4,6
5526	6	0,4,1,6,5,7	0,5,1,7,4,6
5536	6	0,4,1,6,5,7	0,5,1,7,4,6
5537	6	0,4,1,6,5,7	0,5,1,7,4,6
5550	7	0,4,1,5,7,2,6	0,5,2,4,6,1,7
5551	7	0,4,1,5,7,2,6	0,5,2,4,6,1,7
5553	7	0,4,1,5,7,2,6	0,5,2,4,6,1,7
5555	7	0,4,1,5,7,2,6	0,5,2,4,6,1,7
5556	7	0,4,1,5,7,2,6	0,5,2,4,6,1,7
5558	7	0,4,1,5,6,2,7	0,5,2,4,7,1,6
5559	6	0,4,1,6,5,7	0,5,1,7,4,6
5563	7	0,4,1,5,2,6,7	0,5,4,2,7,1,6
5564	7	0,4,1,5,2,6,7	0,5,4,2,7,1,6
5569	7	0,4,1,5,2,6,7	0,5,4,2,7,1,6
5570	7	0,4,1,5,2,6,7	0,5,4,2,7,1,6
5572	7	0,4,1,5,2,6,7	0,5,4,2,7,1,6
5573	7	0,4,1,5,7,2,6	0,5,2,4,6,1,7
5574	7	0,4,1,5,2,6,7	0,5,4,2,7,1,6
5575	6	0,4,1,5,7,6	0,5,4,6,1,7
5576	6	0,4,1,5,7,6	0,5,4,6,1,7
5577	6	0,4,1,6,5,7	0,5,1,7,4,6
5578	5	0,4,5,6,7	0,5,7,4,6
5579	5	0,4,5,6,7	0,5,7,4,6
5580	5	0,4,5,6,7	0,5,7,4,6
5581	6	0,4,1,6,5,7	0,5,1,7,4,6
5582	6	0,4,1,5,6,7	0,5,4,7,1,6
5583	5	0,4,5,6,7	0,5,7,4,6
5584	5	0,4,5,6,7	0,5,7,4,6
5585	5	0,4,5,6,7	0,5,7,4,6
5602	6	0,4,1,5,7,6	0,5,4,6,1,7
5603	6	0,4,1,5,7,6	0,5,4,6,1,7
5605	5	0,4,5,6,7	0,5,7,4,6
5607	5	0,4,5,6,7	0,5,7,4,6
5608	5	0,4,5,6,7	0,5,7,4,6
5609	7	0,4,1,5,7,2,6	0,5,2,4,6,1,7
5610	6	0,4,1,5,7,6	0,5,4,6,1,7
5611	6	0,4,1,5,7,6	0,5,4,6,1,7
5612	6	0,4,1,5,7,6	0,5,4,6,1,7
5613	6	0,4,1,5,7,6	0,5,4,6,1,7
5614	5	0,4,5,6,7	0,5,7,4,6
5615	8	0,4,1,5,2,6,3,7	0,5,3,4,2,7,1,6
5616	8	0,4,1,5,2,6,3,7	0,5,3,4,2,7,1,6
5619	8	0,4,1,5,2,6,3,7	0,5,3,4,2,7,1,6
5621	8	0,4,1,5,2,6,3,7	0,5,3,4,2,7,1,6
5622	7	0,4,1,5,7,2,6	0,5,2,4,6,1,7
5623	7	0,4,1,5,7,2,6	0,5,2,4,6,1,7
5624	8	0,4,1,5,2,6,3,7	0,5,3,4,2,7,1,6
5625	7	0,4,1,5,7,2,6	0,5,2,4,6,1,7
5626	6	0,4,1,6,5,7	0,5,1,7,4,6
5627	6	0,4,1,6,5,7	0,5,1,7,4,6
5628	5	0,4,5,6,7	0,5,7,4,6
6354	5	0,3,5,6,7	0,5,7,3,6
6358	5	0,3,5,6,7	0,5,7,3,6
6359	5	0,3,5,6,7	0,5,7,3,6
6361	5	0,3,5,6,7	0,5,7,3,6
6362	5	0,3,5,6,7	0,5,7,3,6
6363	5	0,3,5,6,7	0,5,7,3,6
6421	5	0,3,5,6,7	0,5,7,3,6
6422	5	0,3,5,6,7	0,5,7,3,6
6425	5	0,3,5,6,7	0,5,7,3,6
6426	5	0,3,5,6,7	0,5,7,3,6
6427	5	0,3,5,6,7	0,5,7,3,6
6428	5	0,3,5,6,7	0,5,7,3,6
6435	5	0,3,5,6,7	0,5,7,3,6
6436	5	0,3,5,6,7	0,5,7,3,6
6439	5	0,3,5,6,7	0,5,7,3,6
6440	5	0,3,5,6,7	0,5,7,3,6
6441	5	0,3,5,6,7	0,5,7,3,6
6456	5	0,3,5,6,7	0,5,7,3,6
6457	5	0,3,5,6,7	0,5,7,3,6
6458	5	0,3,5,6,7	0,5,7,3,6
6459	5	0,3,5,6,7	0,5,7,3,6
6462	5	0,3,5,6,7	0,5,7,3,6
6463	5	0,3,5,6,7	0,5,7,3,6
6465	5	0,3,5,6,7	0,5,7,3,6
6924	5	0,3,5,6,7	0,5,7,3,6
6926	5	0,3,5,6,7	0,5,7,3,6
6928	5	0,3,5,6,7	0,5,7,3,6
6930	5	0,3,5,6,7	0,5,7,3,6
6931	5	0,3,5,6,7	0,5,7,3,6
6932	5	0,3,5,6,7	0,5,7,3,6
6949	5	0,3,5,6,7	0,5,7,3,6
6951	5	0,3,5,6,7	0,5,7,3,6
6952	5	0,3,5,6,7	0,5,7,3,6
6962	5	0,3,5,6,7	0,5,7,3,6
6963	5	0,3,5,6,7	0,5,7,3,6
6976	5	0,3,5,6,7	0,5,7,3,6
6977	5	0,3,5,6,7	0,5,7,3,6
6978	5	0,3,5,6,7	0,5,7,3,6
6979	5	0,3,5,6,7	0,5,7,3,6
6981	5	0,3,5,6,7	0,5,7,3,6
6982	5	0,3,5,6,7	0,5,7,3,6
6983	5	0,3,5,6,7	0,5,7,3,6
6985	5	0,3,5,6,7	0,5,7,3,6
7218	5	0,3,5,6,7	0,5,7,3,6
7220	5	0,3,5,6,7	0,5,7,3,6
7223	5	0,3,5,6,7	0,5,7,3,6
7225	5	0,3,5,6,7	0,5,7,3,6
7226	5	0,3,5,6,7	0,5,7,3,6
7227	5	0,3,5,6,7	0,5,7,3,6
7231	5	0,3,5,6,7	0,5,7,3,6
7232	5	0,3,5,6,7	0,5,7,3,6
7235	5	0,3,5,6,7	0,5,7,3,6
7237	5	0,3,5,6,7	0,5,7,3,6
7238	5	0,3,5,6,7	0,5,7,3,6
7275	5	0,3,5,6,7	0,5,7,3,6
7276	5	0,3,5,6,7	0,5,7,3,6
7277	5	0,3,5,6,7	0,5,7,3,6
7278	5	0,3,5,6,7	0,5,7,3,6
7290	5	0,3,5,6,7	0,5,7,3,6
7291	5	0,3,5,6,7	0,5,7,3,6
7293	5	0,3,5,6,7	0,5,7,3,6
7370	5	0,3,5,6,7	0,5,7,3,6
7372	5	0,3,5,6,7	0,5,7,3,6
7373	5	0,3,5,6,7	0,5,7,3,6
7374	5	0,3,5,6,7	0,5,7,3,6
7380	5	0,3,5,6,7	0,5,7,3,6
7381	5	0,3,5,6,7	0,5,7,3,6
7384	5	0,3,5,6,7	0,5,7,3,6
7385	5	0,3,5,6,7	0,5,7,3,6
7386	5	0,3,5,6,7	0,5,7,3,6
7387	7	0,3,5,1,6,4,7	0,5,4,1,7,3,6
7388	7	0,3,5,1,6,4,7	0,5,4,1,7,3,6
7392	7	0,3,5,1,6,4,7	0,5,4,1,7,3,6
7394	7	0,3,5,1,6,4,7	0,5,4,1,7,3,6
7395	7	0,3,5,1,6,4,7	0,5,4,1,7,3,6
7396	7	0,3,5,1,6,4,7	0,5,4,1,7,3,6
7397	7	0,3,5,1,6,4,7	0,5,4,1,7,3,6
7398	7	0,3,5,1,6,4,7	0,5,4,1,7,3,6
7399	7	0,3,5,1,6,4,7	0,5,4,1,7,3,6
7400	7	0,3,5,1,6,4,7	0,5,4,1,7,3,6
7401	7	0,3,5,1,6,4,7	0,5,4,1,7,3,6
7402	5	0,3,5,6,7	0,5,7,3,6
7403	5	0,3,5,6,7	0,5,7,3,6
7404	5	0,3,5,6,7	0,5,7,3,6
7405	7	0,3,5,1,6,4,7	0,5,4,1,7,3,6
7406	7	0,3,5,1,6,4,7	0,5,4,1,7,3,6
7408	7	0,3,5,1,6,4,7	0,5,4,1,7,3,6
7409	7	0,3,5,1,6,4,7	0,5,4,1,7,3,6
7410	5	0,3,5,6,7	0,5,7,3,6
8004	6	0,4,1,6,5,7	0,5,1,7,4,6
8005	6	0,4,1,6,5,7	0,5,1,7,4,6
8008	6	0,4,1,6,5,7	0,5,1,7,4,6
8009	6	0,4,1,6,5,7	0,5,1,7,4,6
8025	6	0,4,1,6,5,7	0,5,1,7,4,6
8026	6	0,4,1,6,5,7	0,5,1,7,4,6
8027	6	0,4,1,6,5,7	0,5,1,7,4,6
8028	6	0,4,1,6,5,7	0,5,1,7,4,6
8029	6	0,4,1,6,5,7	0,5,1,7,4,6
8030	6	0,4,1,6,5,7	0,5,1,7,4,6
8077	7	0,3,5,1,7,4,6	0,4,1,6,3,7,5
8078	7	0,3,5,1,7,4,6	0,4,1,6,3,7,5
8079	7	0,3,5,1,7,4,6	0,4,1,6,3,7,5
8080	7	0,3,5,1,7,4,6	0,4,1,6,3,7,5
8083	7	0,3,5,1,7,4,6	0,4,1,6,3,7,5
8084	7	0,3,5,1,7,4,6	0,4,1,6,3,7,5
8118	6	0,4,1,6,5,7	0,5,1,7,4,6
8119	6	0,4,1,6,5,7	0,5,1,7,4,6
8121	6	0,4,1,6,5,7	0,5,1,7,4,6
8122	6	0,4,1,6,5,7	0,5,1,7,4,6
8125	6	0,4,1,6,5,7	0,5,1,7,4,6
8126	6	0,4,1,6,5,7	0,5,1,7,4,6
8127	6	0,4,1,6,5,7	0,5,1,7,4,6
8128	7	0,3,5,1,7,4,6	0,4,1,6,3,7,5
8129	7	0,3,5,1,7,4,6	0,4,1,6,3,7,5
8131	7	0,3,5,1,7,4,6	0,4,1,6,3,7,5
8132	7	0,3,5,1,7,4,6	0,4,1,6,3,7,5
8133	7	0,3,5,1,7,4,6	0,4,1,6,3,7,5
8136	5	0,3,5,6,7	0,5,7,3,6
8138	5	0,3,5,6,7	0,5,7,3,6
8139	5	0,3,5,6,7	0,5,7,3,6
8141	5	0,3,5,6,7	0,5,7,3,6
8142	6	0,4,1,6,5,7	0,5,1,7,4,6
8144	6	0,4,1,6,5,7	0,5,1,7,4,6
8145	6	0,4,1,6,5,7	0,5,1,7,4,6
8146	6	0,4,1,6,5,7	0,5,1,7,4,6
8147	6	0,4,1,6,5,7	0,5,1,7,4,6
8148	5	0,3,5,6,7	0,5,7,3,6
8149	5	0,3,5,6,7	0,5,7,3,6
8150	6	0,4,1,6,5,7	0,5,1,7,4,6
8151	5	0,3,5,6,7	0,5,7,3,6
8334	5	0,4,5,6,7	0,5,7,4,6
8335	5	0,4,5,6,7	0,5,7,4,6
8336	5	1,4,5,6,7	1,5,7,4,6
8338	6	0,4,1,6,5,7	0,5,1,7,4,6
8339	5	0,4,5,6,7	0,5,7,4,6
8340	5	0,4,5,6,7	0,5,7,4,6
8341	5	0,4,5,6,7	0,5,7,4,6
8342	5	1,4,5,6,7	1,5,7,4,6
8343	5	0,4,5,6,7	0,5,7,4,6
8347	5	0,4,5,6,7	0,5,7,4,6
8350	5	0,4,5,6,7	0,5,7,4,6
8351	5	0,4,5,6,7	0,5,7,4,6
8352	5	0,4,5,6,7	0,5,7,4,6
8354	5	0,4,5,6,7	0,5,7,4,6
8356	5	0,4,5,6,7	0,5,7,4,6
8357	5	0,4,5,6,7	0,5,7,4,6
8358	5	0,4,5,6,7	0,5,7,4,6
8364	5	1,4,5,6,7	1,5,7,4,6
8368	5	1,4,5,6,7	1,5,7,4,6
8369	5	1,4,5,6,7	1,5,7,4,6
8371	5	1,4,5,6,7	1,5,7,4,6
8372	5	1,4,5,6,7	1,5,7,4,6
8391	6	0,4,1,5,7,6	0,5,4,6,1,7
8392	6	0,4,1,5,7,6	0,5,4,6,1,7
8393	6	0,4,1,5,7,6	0,5,4,6,1,7
8396	6	0,4,1,5,7,6	0,5,4,6,1,7
8397	6	0,4,1,6,5,7	0,5,1,7,4,6
8398	5	0,4,5,6,7	0,5,7,4,6
8399	5	0,4,5,6,7	0,5,7,4,6
8400	6	0,4,1,6,5,7	0,5,1,7,4,6
8401	5	0,4,5,6,7	0,5,7,4,6
8402	5	0,4,5,6,7	0,5,7,4,6
8403	5	0,4,5,6,7	0,5,7,4,6
8404	5	1,4,5,6,7	1,5,7,4,6
8405	5	0,4,5,6,7	0,5,7,4,6
8407	5	0,4,5,6,7	0,5,7,4,6
8408	5	0,4,5,6,7	0,5,7,4,6
8409	5	0,4,5,6,7	0,5,7,4,6
8411	5	1,4,5,6,7	1,5,7,4,6
8413	5	1,4,5,6,7	1,5,7,4,6
8414	5	1,4,5,6,7	1,5,7,4,6
8415	6	0,4,1,6,5,7	0,5,1,7,4,6
8416	5	0,4,5,6,7	0,5,7,4,6
8456	5	0,4,5,6,7	0,5,7,4,6
8457	5	0,4,5,6,7	0,5,7,4,6
8458	5	0,4,5,6,7	0,5,7,4,6
8460	5	0,4,5,6,7	0,5,7,4,6
8502	7	0,3,5,1,7,4,6	0,4,1,6,3,7,5
8504	7	0,3,5,1,7,4,6	0,4,1,6,3,7,5
8513	7	0,3,5,1,7,4,6	0,4,1,6,3,7,5
8515	7	0,3,5,1,7,4,6	0,4,1,6,3,7,5
8519	7	0,3,5,1,7,4,6	0,4,1,6,3,7,5
8521	7	0,3,5,1,7,4,6	0,4,1,6,3,7,5
8522	7	0,3,5,1,7,4,6	0,4,1,6,3,7,5
8557	7	0,3,5,1,7,4,6	0,4,1,6,3,7,5
8558	7	0,3,5,1,7,4,6	0,4,1,6,3,7,5
8560	7	0,3,5,1,7,4,6	0,4,1,6,3,7,5
8561	7	0,3,5,1,7,4,6	0,4,1,6,3,7,5
8563	5	0,3,5,6,7	0,5,7,3,6
8564	5	0,3,5,6,7	0,5,7,3,6
8566	5	0,3,5,6,7	0,5,7,3,6
8567	6	0,4,1,6,5,7	0,5,1,7,4,6
8568	7	0,3,5,1,6,4,7	0,4,1,7,3,6,5
8569	5	0,3,5,6,7	0,5,7,3,6
8570	5	0,3,5,6,7	0,5,7,3,6
8571	7	0,3,5,1,6,4,7	0,4,1,7,3,6,5
8572	7	0,3,5,1,6,4,7	0,4,1,7,3,6,5
8573	5	0,3,5,6,7	0,5,7,3,6
8576	6	0,4,1,5,7,6	0,5,4,6,1,7
8578	6	0,4,1,5,7,6	0,5,4,6,1,7
8583	6	0,4,1,5,7,6	0,5,4,6,1,7
8584	6	0,4,1,5,7,6	0,5,4,6,1,7
8585	6	0,4,1,5,7,6	0,5,4,6,1,7
8588	6	0,4,1,5,7,6	0,5,4,6,1,7
8595	6	0,4,1,5,7,6	0,5,4,6,1,7
8596	6	0,4,1,5,7,6	0,5,4,6,1,7
8602	6	0,4,1,5,7,6	0,5,4,6,1,7
8603	6	0,4,1,5,7,6	0,5,4,6,1,7
8604	6	0,4,1,5,7,6	0,5,4,6,1,7
8607	6	0,4,1,5,7,6	0,5,4,6,1,7
8620	6	0,4,1,5,7,6	0,5,4,6,1,7
8621	6	0,4,1,5,7,6	0,5,4,6,1,7
8624	6	0,4,1,5,7,6	0,5,4,6,1,7
8627	6	0,4,1,5,6,7	0,5,4,7,1,6
8628	6	0,4,1,5,6,7	0,5,4,7,1,6
8629	6	0,4,1,6,5,7	0,5,1,7,4,6
8630	6	0,4,1,5,7,6	0,5,4,6,1,7
8631	5	0,4,5,6,7	0,5,7,4,6
8632	5	0,4,5,6,7	0,5,7,4,6
8633	5	0,4,5,6,7	0,5,7,4,6
8634	5	1,4,5,6,7	1,5,7,4,6
8635	5	0,4,5,6,7	0,5,7,4,6
8636	6	0,4,1,6,5,7	0,5,1,7,4,6
8637	5	0,4,5,6,7	0,5,7,4,6
8638	5	0,4,5,6,7	0,5,7,4,6
8640	5	0,4,5,6,7	0,5,7,4,6
8641	5	0,4,5,6,7	0,5,7,4,6
8644	5	1,4,5,6,7	1,5,7,4,6
8645	5	1,4,5,6,7	1,5,7,4,6
8646	5	1,4,5,6,7	1,5,7,4,6
8647	5	0,4,5,6,7	0,5,7,4,6
8648	7	0,3,5,1,6,4,7	0,5,4,1,7,3,6
8649	6	0,4,1,5,7,6	0,5,4,6,1,7
8650	6	0,4,1,5,7,6	0,5,4,6,1,7
8652	7	0,3,5,1,6,4,7	0,5,4,1,7,3,6
8653	6	0,4,1,5,7,6	0,5,4,6,1,7
8654	6	0,4,1,5,7,6	0,5,4,6,1,7
8655	6	0,4,1,5,7,6	0,5,4,6,1,7
8656	6	0,4,1,5,7,6	0,5,4,6,1,7
8657	7	0,3,5,1,6,4,7	0,5,4,1,7,3,6
8658	7	0,3,5,1,6,4,7	0,5,4,1,7,3,6
8659	6	0,4,1,5,7,6	0,5,4,6,1,7
8660	6	0,4,1,6,5,7	0,5,1,7,4,6
8661	5	0,3,5,6,7	0,5,7,3,6
8662	5	0,3,5,6,7	0,5,7,3,6
8663	5	0,3,5,6,7	0,5,7,3,6
8664	7	0,3,5,1,6,4,7	0,5,4,1,7,3,6
8665	6	0,4,1,5,7,6	0,5,4,6,1,7
8666	6	0,4,1,5,7,6	0,5,4,6,1,7
8667	6	0,4,1,5,7,6	0,5,4,6,1,7
8668	6	0,4,1,5,7,6	0,5,4,6,1,7
8669	5	0,3,5,6,7	0,5,7,3,6
8759	6	1,4,2,6,5,7	1,5,2,7,4,6
8761	6	1,4,2,6,5,7	1,5,2,7,4,6
8762	6	1,4,2,6,5,7	1,5,2,7,4,6
8763	6	1,4,2,6,5,7	1,5,2,7,4,6
8765	6	1,4,2,6,5,7	1,5,2,7,4,6
8766	6	1,4,2,6,5,7	1,5,2,7,4,6
8777	6	1,4,2,6,5,7	1,5,2,7,4,6
8778	6	1,4,2,6,5,7	1,5,2,7,4,6
8779	6	1,4,2,6,5,7	1,5,2,7,4,6
8780	6	1,4,2,6,5,7	1,5,2,7,4,6
8781	6	1,4,2,6,5,7	1,5,2,7,4,6
8782	6	1,4,2,6,5,7	1,5,2,7,4,6
8783	6	1,4,2,6,5,7	1,5,2,7,4,6
8784	6	1,4,2,6,5,7	1,5,2,7,4,6
8944	6	1,4,2,6,5,7	1,5,2,7,4,6
8946	6	1,4,2,6,5,7	1,5,2,7,4,6
8947	6	1,4,2,6,5,7	1,5,2,7,4,6
8958	6	1,4,2,6,5,7	1,5,2,7,4,6
8961	6	1,4,2,6,5,7	1,5,2,7,4,6
8962	6	1,4,2,6,5,7	1,5,2,7,4,6
8963	6	1,4,2,6,5,7	1,5,2,7,4,6
8964	6	1,4,2,6,5,7	1,5,2,7,4,6
8965	6	1,4,2,6,5,7	1,5,2,7,4,6
9105	5	0,3,5,6,7	0,5,7,3,6
9106	5	0,3,5,6,7	0,5,7,3,6
9108	5	0,3,5,6,7	0,5,7,3,6
9110	5	0,3,5,6,7	0,5,7,3,6
9111	5	0,3,5,6,7	0,5,7,3,6
9112	5	0,3,5,6,7	0,5,7,3,6
9119	5	0,3,5,6,7	0,5,7,3,6
9121	5	0,3,5,6,7	0,5,7,3,6
9122	5	0,3,5,6,7	0,5,7,3,6
9130	5	0,3,5,6,7	0,5,7,3,6
9131	5	0,3,5,6,7	0,5,7,3,6
9132	5	0,3,5,6,7	0,5,7,3,6
9145	5	0,3,5,6,7	0,5,7,3,6
9146	5	0,3,5,6,7	0,5,7,3,6
9150	5	0,3,5,6,7	0,5,7,3,6
9151	5	0,3,5,6,7	0,5,7,3,6
9152	5	0,3,5,6,7	0,5,7,3,6
9153	5	0,3,5,6,7	0,5,7,3,6
9155	5	0,3,5,6,7	0,5,7,3,6
9396	5	1,4,5,6,7	1,5,7,4,6
9399	5	1,4,5,6,7	1,5,7,4,6
9403	5	1,4,5,6,7	1,5,7,4,6
9404	5	1,4,5,6,7	1,5,7,4,6
9406	5	1,4,5,6,7	1,5,7,4,6
9407	5	1,4,5,6,7	1,5,7,4,6
9450	5	1,4,5,6,7	1,5,7,4,6
9451	5	1,4,5,6,7	1,5,7,4,6
9453	5	1,4,5,6,7	1,5,7,4,6
9477	5	1,4,5,6,7	1,5,7,4,6
9478	5	1,4,5,6,7	1,5,7,4,6
9482	5	1,4,5,6,7	1,5,7,4,6
9483	5	1,4,5,6,7	1,5,7,4,6
9484	5	1,4,5,6,7	1,5,7,4,6
9495	5	1,4,5,6,7	1,5,7,4,6
9496	5	1,4,5,6,7	1,5,7,4,6
9498	5	1,4,5,6,7	1,5,7,4,6
9499	5	1,4,5,6,7	1,5,7,4,6
9501	5	1,4,5,6,7	1,5,7,4,6
9586	6	1,4,2,5,7,6	1,5,4,6,2,7
9587	6	1,4,2,5,7,6	1,5,4,6,2,7
9590	6	1,4,2,5,7,6	1,5,4,6,2,7
9591	6	1,4,2,5,7,6	1,5,4,6,2,7
9593	6	1,4,2,5,7,6	1,5,4,6,2,7
9594	6	1,4,2,5,7,6	1,5,4,6,2,7
9623	5	1,4,5,6,7	1,5,7,4,6
9626	5	1,4,5,6,7	1,5,7,4,6
9630	5	1,4,5,6,7	1,5,7,4,6
9631	5	1,4,5,6,7	1,5,7,4,6
9633	5	1,4,5,6,7	1,5,7,4,6
9634	5	1,4,5,6,7	1,5,7,4,6
9635	6	1,4,2,6,5,7	1,5,2,7,4,6
9637	5	1,4,5,6,7	1,5,7,4,6
9638	5	1,4,5,6,7	1,5,7,4,6
9640	6	1,4,2,6,5,7	1,5,2,7,4,6
9641	5	1,4,5,6,7	1,5,7,4,6
9642	5	1,4,5,6,7	1,5,7,4,6
9643	5	1,4,5,6,7	1,5,7,4,6
9658	6	1,4,2,5,7,6	1,5,4,6,2,7
9659	6	1,4,2,5,7,6	1,5,4,6,2,7
9660	6	1,4,2,5,7,6	1,5,4,6,2,7
9661	6	1,4,2,6,5,7	1,5,2,7,4,6
9662	5	1,4,5,6,7	1,5,7,4,6
9663	5	1,4,5,6,7	1,5,7,4,6
9664	5	1,4,5,6,7	1,5,7,4,6
9667	5	1,4,5,6,7	1,5,7,4,6
9668	5	1,4,5,6,7	1,5,7,4,6
9670	5	1,4,5,6,7	1,5,7,4,6
9671	6	1,4,2,6,5,7	1,5,2,7,4,6
9672	5	1,4,5,6,7	1,5,7,4,6
9771	5	0,3,5,6,7	0,5,7,3,6
9772	5	0,3,5,6,7	0,5,7,3,6
9775	5	0,3,5,6,7	0,5,7,3,6
9777	5	0,3,5,6,7	0,5,7,3,6
9778	5	0,3,5,6,7	0,5,7,3,6
9779	5	0,3,5,6,7	0,5,7,3,6
9783	5	0,3,5,6,7	0,5,7,3,6
9784	5	0,3,5,6,7	0,5,7,3,6
9786	5	0,3,5,6,7	0,5,7,3,6
9788	5	0,3,5,6,7	0,5,7,3,6
9789	5	0,3,5,6,7	0,5,7,3,6
9796	5	0,3,5,6,7	0,5,7,3,6
9797	5	0,3,5,6,7	0,5,7,3,6
9807	5	0,3,5,6,7	0,5,7,3,6
9808	5	0,3,5,6,7	0,5,7,3,6
9809	5	0,3,5,6,7	0,5,7,3,6
9810	5	0,3,5,6,7	0,5,7,3,6
9812	5	0,3,5,6,7	0,5,7,3,6
9833	5	0,3,5,6,7	0,5,7,3,6
9834	5	0,3,5,6,7	0,5,7,3,6
9835	5	0,3,5,6,7	0,5,7,3,6
9859	6	1,4,2,5,7,6	1,5,4,6,2,7
9861	6	1,4,2,5,7,6	1,5,4,6,2,7
9863	6	1,4,2,5,7,6	1,5,4,6,2,7
9867	6	1,4,2,5,7,6	1,5,4,6,2,7
9868	6	1,4,2,5,7,6	1,5,4,6,2,7
9870	6	1,4,2,5,7,6	1,5,4,6,2,7
9871	6	1,4,2,5,7,6	1,5,4,6,2,7
9900	6	1,4,2,5,7,6	1,5,4,6,2,7
9903	6	1,4,2,5,7,6	1,5,4,6,2,7
9906	6	1,4,2,5,7,6	1,5,4,6,2,7
9907	6	1,4,2,5,7,6	1,5,4,6,2,7
9909	6	1,4,2,5,7,6	1,5,4,6,2,7
9913	6	1,4,2,5,7,6	1,5,4,6,2,7
9914	6	1,4,2,5,7,6	1,5,4,6,2,7
9917	6	1,4,2,5,6,7	1,5,4,7,2,6
9918	6	1,4,2,6,5,7	1,5,2,7,4,6
9919	6	1,4,2,5,7,6	1,5,4,6,2,7
9920	5	1,4,5,6,7	1,5,7,4,6
9921	5	1,4,5,6,7	1,5,7,4,6
9922	5	1,4,5,6,7	1,5,7,4,6
9923	5	1,4,5,6,7	1,5,7,4,6
9927	5	1,4,5,6,7	1,5,7,4,6
9929	5	1,4,5,6,7	1,5,7,4,6
9930	6	1,4,2,6,5,7	1,5,2,7,4,6
9931	6	1,4,2,5,7,6	1,5,4,6,2,7
9932	5	1,4,5,6,7	1,5,7,4,6
9933	5	1,4,5,6,7	1,5,7,4,6
9934	5	1,4,5,6,7	1,5,7,4,6
9955	7	0,3,5,1,6,4,7	0,5,4,1,7,3,6
9964	7	0,3,5,1,6,4,7	0,5,4,1,7,3,6
9967	7	0,3,5,1,6,4,7	0,5,4,1,7,3,6
9969	7	0,3,5,1,6,4,7	0,5,4,1,7,3,6
9984	7	0,3,5,1,6,4,7	0,5,4,1,7,3,6
9985	7	0,3,5,1,6,4,7	0,5,4,1,7,3,6
9987	7	0,3,5,1,6,4,7	0,5,4,1,7,3,6
9989	5	0,3,5,6,7	0,5,7,3,6
9990	5	0,3,5,6,7	0,5,7,3,6
9991	7	0,3,5,1,6,4,7	0,5,4,1,7,3,6
9992	5	0,3,5,6,7	0,5,7,3,6
9993	5	0,3,5,6,7	0,5,7,3,6
9994	5	0,3,5,6,7	0,5,7,3,6
9995	5	0,3,5,6,7	0,5,7,3,6
9997	5	0,3,5,6,7	0,5,7,3,6
9998	5	0,3,5,6,7	0,5,7,3,6
9999	5	0,3,5,6,7	0,5,7,3,6
10000	7	0,3,5,1,6,4,7	0,5,4,1,7,3,6
10001	6	1,4,2,5,7,6	1,5,4,6,2,7
10002	6	1,4,2,5,7,6	1,5,4,6,2,7
10003	7	0,3,5,1,6,4,7	0,5,4,1,7,3,6
10004	6	1,4,2,5,7,6	1,5,4,6,2,7
10005	5	0,3,5,6,7	0,5,7,3,6
10054	5	0,3,4,6,7	0,4,7,3,6
10058	5	0,3,4,6,7	0,4,7,3,6
10059	5	0,3,4,6,7	0,4,7,3,6
10061	5	0,3,4,6,7	0,4,7,3,6
10062	5	0,3,4,6,7	0,4,7,3,6
10063	5	0,3,4,6,7	0,4,7,3,6
10104	5	0,3,4,6,7	0,4,7,3,6
10105	5	0,3,4,6,7	0,4,7,3,6
10106	5	0,3,4,6,7	0,4,7,3,6
10108	5	0,3,4,6,7	0,4,7,3,6
10110	5	0,3,4,6,7	0,4,7,3,6
10111	5	0,3,4,6,7	0,4,7,3,6
10112	5	0,3,4,6,7	0,4,7,3,6
10155	5	0,3,4,6,7	0,4,7,3,6
10157	5	0,3,4,6,7	0,4,7,3,6
10159	5	0,3,4,6,7	0,4,7,3,6
10160	5	0,3,4,6,7	0,4,7,3,6
10164	5	0,3,4,6,7	0,4,7,3,6
10165	5	0,3,4,6,7	0,4,7,3,6
10166	5	0,3,4,6,7	0,4,7,3,6
10180	5	0,3,4,6,7	0,4,7,3,6
10181	5	0,3,4,6,7	0,4,7,3,6
10182	5	0,3,4,6,7	0,4,7,3,6
10184	5	0,3,4,6,7	0,4,7,3,6
10185	5	0,3,4,5,6	0,4,6,3,5
10186	5	0,3,4,5,6	0,4,6,3,5
10187	5	0,3,4,5,6	0,4,6,3,5
10188	5	0,3,4,5,6	0,4,6,3,5
10189	5	0,3,4,5,7	0,4,7,3,5
10190	5	0,3,4,6,7	0,4,7,3,6
10191	6	0,4,3,5,7,6	0,5,4,6,3,7
10192	5	0,3,4,5,7	0,4,7,3,5
10193	5	0,3,4,5,7	0,4,7,3,5
10194	5	0,3,4,5,6	0,4,6,3,5
10195	5	0,3,4,5,6	0,4,6,3,5
10196	5	0,3,4,5,6	0,4,6,3,5
10197	5	0,3,4,5,6	0,4,6,3,5
10198	5	0,3,4,5,6	0,4,6,3,5
10199	5	0,3,4,5,6	0,4,6,3,5
10221	5	0,3,4,6,7	0,4,7,3,6
10223	5	0,3,4,6,7	0,4,7,3,6
10224	5	0,3,5,6,7	0,5,7,3,6
10226	5	0,3,5,6,7	0,5,7,3,6
10227	5	0,3,5,6,7	0,5,7,3,6
10229	6	0,3,4,6,7,5	0,4,7,3,5,6
10230	6	0,3,4,6,7,5	0,4,7,3,5,6
10231	6	0,3,4,6,7,5	0,4,7,3,5,6
10232	6	0,4,3,6,5,7	0,5,3,7,4,6
10233	5	0,3,4,6,7	0,4,7,3,6
10234	5	0,3,4,6,7	0,4,7,3,6
10235	5	0,3,4,6,7	0,4,7,3,6
10236	5	0,3,4,6,7	0,4,7,3,6
10237	5	0,3,4,6,7	0,4,7,3,6
10240	5	0,3,4,5,7	0,4,7,3,5
10241	5	0,3,4,5,7	0,4,7,3,5
10246	5	0,3,4,5,7	0,4,7,3,5
10247	5	0,3,4,5,7	0,4,7,3,5
10251	5	0,3,4,5,7	0,4,7,3,5
10252	5	0,3,4,5,7	0,4,7,3,5
10253	5	0,3,4,5,7	0,4,7,3,5
10254	5	0,3,4,5,7	0,4,7,3,5
10255	6	0,4,3,5,7,6	0,5,4,6,3,7
10256	5	0,3,4,5,7	0,4,7,3,5
10257	5	0,3,4,5,7	0,4,7,3,5
10258	6	0,4,3,5,7,6	0,5,4,6,3,7
10259	5	0,3,4,5,7	0,4,7,3,5
10260	5	0,3,4,5,7	0,4,7,3,5
10261	5	0,3,4,5,7	0,4,7,3,5
10263	5	0,3,4,5,7	0,4,7,3,5
10264	6	0,4,3,5,7,6	0,5,4,6,3,7
10265	5	0,3,4,5,7	0,4,7,3,5
10266	5	0,3,4,5,7	0,4,7,3,5
10267	6	0,4,3,5,7,6	0,5,4,6,3,7
10268	5	0,3,4,5,7	0,4,7,3,5
10269	5	0,3,4,5,7	0,4,7,3,5
10270	5	0,3,4,5,7	0,4,7,3,5
10271	5	0,3,4,6,7	0,4,7,3,6
10272	5	0,3,4,5,7	0,4,7,3,5
10273	5	0,3,4,5,7	0,4,7,3,5
10274	5	0,3,4,5,6	0,4,6,3,5
10275	5	0,3,4,5,6	0,4,6,3,5
10276	5	0,3,4,5,6	0,4,6,3,5
10277	5	0,3,4,5,6	0,4,6,3,5
10278	5	0,3,4,5,6	0,4,6,3,5
10279	5	0,3,4,5,6	0,4,6,3,5
10280	5	0,3,4,5,7	0,4,7,3,5
10281	6	0,4,3,5,7,6	0,5,4,6,3,7
10282	5	0,3,4,5,7	0,4,7,3,5
10283	5	0,3,4,5,7	0,4,7,3,5
10284	5	0,3,4,5,6	0,4,6,3,5
10295	7	0,4,1,5,7,2,6	0,5,2,4,6,1,7
10296	7	0,4,1,5,7,2,6	0,5,2,4,6,1,7
10302	7	0,4,1,5,7,2,6	0,5,2,4,6,1,7
10304	7	0,4,1,5,7,2,6	0,5,2,4,6,1,7
10307	7	0,4,1,5,7,2,6	0,5,2,4,6,1,7
10320	7	0,4,1,5,7,2,6	0,5,2,4,6,1,7
10322	7	0,4,1,5,7,2,6	0,5,2,4,6,1,7
10323	7	0,4,1,5,7,2,6	0,5,2,4,6,1,7
10325	7	0,4,1,5,7,2,6	0,5,2,4,6,1,7
10326	6	1,4,2,6,5,7	1,5,2,7,4,6
10327	6	0,4,1,6,5,7	0,5,1,7,4,6
10328	6	0,4,1,6,5,7	0,5,1,7,4,6
10329	6	1,4,2,6,5,7	1,5,2,7,4,6
10330	6	0,4,1,6,5,7	0,5,1,7,4,6
10331	6	0,4,1,6,5,7	0,5,1,7,4,6
10333	6	0,4,1,6,5,7	0,5,1,7,4,6
10334	6	0,4,1,6,5,7	0,5,1,7,4,6
10337	6	0,4,1,6,5,7	0,5,1,7,4,6
10339	6	1,4,2,6,5,7	1,5,2,7,4,6
10340	6	1,4,2,6,5,7	1,5,2,7,4,6
10341	6	1,4,2,6,5,7	1,5,2,7,4,6
10342	6	1,4,2,6,5,7	1,5,2,7,4,6
10343	6	0,4,1,6,5,7	0,5,1,7,4,6
10344	6	0,4,1,6,5,7	0,5,1,7,4,6
10406	6	1,4,2,6,5,7	1,5,2,7,4,6
10407	6	1,4,2,6,5,7	1,5,2,7,4,6
10408	6	1,4,2,6,5,7	1,5,2,7,4,6
10409	6	1,4,2,6,5,7	1,5,2,7,4,6
10410	6	1,4,2,6,5,7	1,5,2,7,4,6
10418	6	1,4,2,6,5,7	1,5,2,7,4,6
10419	6	1,4,2,6,5,7	1,5,2,7,4,6
10420	8	0,3,5,1,6,2,7,4	0,5,2,4,1,7,3,6
10421	8	0,3,5,1,6,2,7,4	0,5,2,4,1,7,3,6
10431	8	0,3,5,1,6,2,7,4	0,5,2,4,1,7,3,6
10435	8	0,3,5,1,6,2,7,4	0,5,2,4,1,7,3,6
10436	8	0,3,5,1,6,2,7,4	0,5,2,4,1,7,3,6
10437	7	0,3,5,1,7,4,6	0,4,1,6,3,7,5
10438	7	0,4,1,5,7,2,6	0,5,2,4,6,1,7
10439	8	0,3,5,1,6,2,7,4	0,5,2,4,1,7,3,6
10440	7	0,4,1,5,7,2,6	0,5,2,4,6,1,7
10441	7	0,4,1,5,6,2,7	0,5,2,4,7,1,6
10442	5	0,3,5,6,7	0,5,7,3,6
10443	8	0,3,5,1,6,2,7,4	0,5,2,4,1,7,3,6
10444	5	0,3,5,6,7	0,5,7,3,6
10445	6	1,4,2,6,5,7	1,5,2,7,4,6
10446	7	0,3,5,1,6,4,7	0,4,1,7,3,6,5
10447	6	1,4,2,6,5,7	1,5,2,7,4,6
10448	6	1,4,2,6,5,7	1,5,2,7,4,6
10449	5	0,3,5,6,7	0,5,7,3,6
10452	7	0,4,1,5,2,6,7	0,5,4,2,7,1,6
10453	7	0,4,1,5,2,6,7	0,5,4,2,7,1,6
10461	7	0,4,1,5,2,6,7	0,5,4,2,7,1,6
10462	7	0,4,1,5,2,6,7	0,5,4,2,7,1,6
10465	7	0,4,1,5,2,6,7	0,5,4,2,7,1,6
10466	7	0,4,1,5,7,2,6	0,5,2,4,6,1,7
10467	7	0,4,1,5,2,6,7	0,5,4,2,7,1,6
10468	6	0,4,1,5,7,6	0,5,4,6,1,7
10469	6	1,4,2,5,7,6	1,5,4,6,2,7
10470	6	0,4,1,5,7,6	0,5,4,6,1,7
10471	6	0,4,1,6,5,7	0,5,1,7,4,6
10472	5	0,4,5,6,7	0,5,7,4,6
10473	5	0,4,5,6,7	0,5,7,4,6
10474	5	1,4,5,6,7	1,5,7,4,6
10475	5	0,4,5,6,7	0,5,7,4,6
10476	6	0,4,1,6,5,7	0,5,1,7,4,6
10477	6	0,4,1,5,6,7	0,5,4,7,1,6
10478	5	0,4,5,6,7	0,5,7,4,6
10479	5	0,4,5,6,7	0,5,7,4,6
10480	5	0,4,5,6,7	0,5,7,4,6
10481	5	1,4,5,6,7	1,5,7,4,6
10482	5	1,4,5,6,7	1,5,7,4,6
10483	5	1,4,5,6,7	1,5,7,4,6
10484	5	0,4,5,6,7	0,5,7,4,6
10489	7	0,3,5,1,6,7,4	0,5,4,1,7,3,6
10491	7	0,3,5,1,6,7,4	0,5,4,1,7,3,6
10499	7	0,3,5,1,6,7,4	0,5,4,1,7,3,6
10502	7	0,3,5,1,6,7,4	0,5,4,1,7,3,6
10505	7	0,3,5,1,6,7,4	0,5,4,1,7,3,6
10507	7	0,3,5,1,6,7,4	0,5,4,1,7,3,6
10508	7	0,3,5,1,6,7,4	0,5,4,1,7,3,6
10509	7	0,3,5,1,6,4,7	0,5,4,1,7,3,6
10510	7	0,3,5,1,6,4,7	0,5,4,1,7,3,6
10511	6	0,4,1,5,7,6	0,5,4,6,1,7
10512	6	0,3,5,4,7,6	0,4,6,3,7,5
10513	6	0,4,1,5,7,6	0,5,4,6,1,7
10514	7	0,3,5,4,7,1,6	0,4,1,5,6,3,7
10515	5	0,3,5,6,7	0,5,7,3,6
10516	7	0,3,5,1,6,7,4	0,5,4,1,7,3,6
10517	5	0,3,5,6,7	0,5,7,3,6
10518	6	0,4,1,6,5,7	0,5,1,7,4,6
10519	5	0,3,5,6,7	0,5,7,3,6
10520	5	0,3,5,6,7	0,5,7,3,6
10521	5	0,3,5,6,7	0,5,7,3,6
10522	5	0,3,5,6,7	0,5,7,3,6
10523	5	0,3,5,6,7	0,5,7,3,6
10524	5	0,3,5,6,7	0,5,7,3,6
10525	5	0,3,5,6,7	0,5,7,3,6
10526	8	0,3,5,4,1,6,2,7	0,4,2,5,1,7,3,6
10528	8	0,3,5,4,1,6,2,7	0,4,2,5,1,7,3,6
10535	8	0,3,5,4,1,6,2,7	0,4,2,5,1,7,3,6
10536	8	0,3,5,4,1,6,2,7	0,4,2,5,1,7,3,6
10539	8	0,3,5,4,1,6,2,7	0,4,2,5,1,7,3,6
10540	6	0,3,5,6,4,7	0,4,5,7,3,6
10541	5	1,4,5,6,7	1,5,7,4,6
10542	6	0,3,5,6,4,7	0,4,5,7,3,6
10543	5	1,4,5,6,7	1,5,7,4,6
10544	5	1,4,5,6,7	1,5,7,4,6
10545	7	0,4,1,5,7,2,6	0,5,2,4,6,1,7
10546	6	0,4,1,5,7,6	0,5,4,6,1,7
10547	6	0,4,1,5,7,6	0,5,4,6,1,7
10548	6	0,4,1,5,7,6	0,5,4,6,1,7
10549	6	1,4,2,5,7,6	1,5,4,6,2,7
10550	6	0,4,1,5,7,6	0,5,4,6,1,7
10551	5	0,3,5,6,7	0,5,7,3,6
10571	5	0,3,4,6,7	0,4,7,3,6
10572	5	0,3,4,6,7	0,4,7,3,6
10578	5	0,3,4,6,7	0,4,7,3,6
10580	5	0,3,4,6,7	0,4,7,3,6
10581	5	0,3,4,6,7	0,4,7,3,6
10583	5	0,3,4,6,7	0,4,7,3,6
10590	5	0,3,4,6,7	0,4,7,3,6
10592	5	0,3,4,6,7	0,4,7,3,6
10594	5	0,3,4,6,7	0,4,7,3,6
10627	7	0,3,4,1,7,5,6	0,4,7,3,6,1,5
10628	7	0,3,4,1,7,5,6	0,4,7,3,6,1,5
10631	7	0,3,4,1,7,5,6	0,4,7,3,6,1,5
10635	7	0,3,4,1,7,5,6	0,4,7,3,6,1,5
10637	7	0,3,4,1,7,5,6	0,4,7,3,6,1,5
10638	7	0,3,4,1,7,5,6	0,4,7,3,6,1,5
10664	5	0,3,4,6,7	0,4,7,3,6
10666	5	0,3,4,6,7	0,4,7,3,6
10667	5	0,3,4,6,7	0,4,7,3,6
10668	7	0,3,4,1,7,5,6	0,4,7,3,6,1,5
10670	7	0,3,4,1,7,5,6	0,4,7,3,6,1,5
10671	6	0,4,1,6,5,7	0,5,1,7,4,6
10674	6	0,4,1,6,5,7	0,5,1,7,4,6
10675	6	0,4,1,6,5,7	0,5,1,7,4,6
10677	6	0,4,1,6,5,7	0,5,1,7,4,6
10678	6	0,4,1,6,5,7	0,5,1,7,4,6
10679	7	0,3,4,1,6,5,7	0,4,6,3,7,1,5
10680	5	0,3,4,6,7	0,4,7,3,6
10681	5	0,3,4,6,7	0,4,7,3,6
10683	5	0,3,4,6,7	0,4,7,3,6
10686	5	0,3,4,6,7	0,4,7,3,6
10687	5	0,3,4,6,7	0,4,7,3,6
10689	5	0,3,4,6,7	0,4,7,3,6
10690	7	0,3,4,1,6,5,7	0,4,6,3,7,1,5
10692	7	0,3,4,1,6,5,7	0,4,6,3,7,1,5
10694	7	0,3,4,1,6,5,7	0,4,6,3,7,1,5
10695	7	0,3,4,1,6,5,7	0,4,6,3,7,1,5
10697	7	0,3,4,1,6,5,7	0,4,6,3,7,1,5
10698	6	0,4,1,6,5,7	0,5,1,7,4,6
10699	5	0,3,4,6,7	0,4,7,3,6
10700	7	0,3,4,6,1,7,5	0,6,3,5,1,4,7
10701	5	0,3,4,6,7	0,4,7,3,6
10702	5	0,3,4,6,7	0,4,7,3,6
10703	5	0,3,4,6,7	0,4,7,3,6
10704	7	0,3,4,6,1,7,5	0,6,3,5,1,4,7
10705	5	0,3,4,6,7	0,4,7,3,6
10706	7	0,3,4,1,5,7,6	0,4,6,1,7,3,5
10707	7	0,3,4,1,5,7,6	0,4,7,1,6,3,5
10708	5	0,3,4,6,7	0,4,7,3,6
10709	5	0,3,4,6,7	0,4,7,3,6
10710	5	0,3,4,6,7	0,4,7,3,6
10711	6	0,4,1,6,5,7	0,5,1,7,4,6
10712	6	0,4,1,6,5,7	0,5,1,7,4,6
10713	6	0,4,1,6,5,7	0,5,1,7,4,6
10714	6	0,3,4,6,7,5	0,4,7,3,5,6
10715	6	0,3,4,6,7,5	0,4,7,3,5,6
10716	6	0,4,1,6,5,7	0,5,1,7,4,6
10717	6	0,4,1,6,5,7	0,5,1,7,4,6
10718	5	0,3,4,6,7	0,4,7,3,6
10719	5	0,3,4,6,7	0,4,7,3,6
10720	5	0,3,4,6,7	0,4,7,3,6
10721	6	0,4,3,6,5,7	0,5,3,7,4,6
10722	5	0,3,4,6,7	0,4,7,3,6
10723	5	0,3,4,6,7	0,4,7,3,6
10724	6	0,4,1,6,5,7	0,5,1,7,4,6
10725	5	0,3,4,6,7	0,4,7,3,6
10727	5	0,3,4,6,7	0,4,7,3,6
10729	5	0,3,4,6,7	0,4,7,3,6
10732	5	0,3,4,6,7	0,4,7,3,6
10733	5	0,3,4,6,7	0,4,7,3,6
10734	5	0,3,4,6,7	0,4,7,3,6
10736	5	0,3,4,6,7	0,4,7,3,6
10738	5	0,3,4,6,7	0,4,7,3,6
10739	5	0,3,4,6,7	0,4,7,3,6
10740	5	0,3,4,6,7	0,4,7,3,6
10744	6	0,3,4,6,7,5	0,4,7,3,5,6
10745	6	0,3,4,6,7,5	0,4,7,3,5,6
10746	6	0,3,4,6,7,5	0,4,7,3,5,6
10747	6	0,4,3,6,5,7	0,5,3,7,4,6
10748	5	0,3,4,6,7	0,4,7,3,6
10749	5	0,3,4,6,7	0,4,7,3,6
10750	5	0,3,4,6,7	0,4,7,3,6
10751	6	0,4,3,6,5,7	0,5,3,7,4,6
10752	5	0,3,4,6,7	0,4,7,3,6
10755	7	0,3,4,1,5,7,6	0,4,7,1,6,3,5
10756	7	0,3,4,1,5,7,6	0,4,7,1,6,3,5
10760	7	0,3,4,1,5,7,6	0,4,7,1,6,3,5
10761	7	0,3,4,1,5,7,6	0,4,7,1,6,3,5
10763	7	0,3,4,1,5,7,6	0,4,7,1,6,3,5
10764	7	0,3,4,6,1,7,5	0,6,3,5,1,4,7
10765	5	0,3,4,6,7	0,4,7,3,6
10766	7	0,3,4,1,5,7,6	0,4,6,1,7,3,5
10767	5	0,3,4,6,7	0,4,7,3,6
10768	5	0,3,4,6,7	0,4,7,3,6
10769	5	0,3,5,6,7	0,5,7,3,6
10770	5	0,3,5,6,7	0,5,7,3,6
10771	5	0,3,5,6,7	0,5,7,3,6
10772	6	0,4,3,6,5,7	0,5,3,7,4,6
10773	5	0,3,4,6,7	0,4,7,3,6
10774	5	0,3,4,6,7	0,4,7,3,6
10775	5	0,3,4,6,7	0,4,7,3,6
10778	5	0,3,4,5,7	0,4,7,3,5
10779	5	0,3,4,5,7	0,4,7,3,5
10780	7	0,3,4,5,1,7,6	0,5,3,6,1,4,7
10781	7	0,3,4,5,1,7,6	0,5,3,6,1,4,7
10782	7	0,3,4,1,5,7,6	0,4,5,3,6,1,7
10783	7	0,3,4,1,5,7,6	0,4,7,1,6,3,5
10784	5	0,3,4,5,7	0,4,7,3,5
10785	5	0,3,4,5,7	0,4,7,3,5
10786	7	0,3,4,5,1,7,6	0,5,3,6,1,4,7
10787	7	0,3,4,1,5,7,6	0,4,5,3,6,1,7
10788	5	0,3,4,5,7	0,4,7,3,5
10789	5	0,3,4,5,7	0,4,7,3,5
10790	5	0,3,4,5,7	0,4,7,3,5
10791	5	0,3,4,5,7	0,4,7,3,5
10792	5	0,3,4,6,7	0,4,7,3,6
10793	6	0,4,1,5,7,6	0,5,4,6,1,7
10794	5	0,3,4,5,7	0,4,7,3,5
10795	5	0,3,4,5,7	0,4,7,3,5
10796	5	0,3,4,5,6	0,4,6,3,5
10797	5	0,3,4,5,6	0,4,6,3,5
10798	5	0,3,4,5,6	0,4,6,3,5
10799	5	0,3,4,5,6	0,4,6,3,5
10800	5	0,3,4,5,6	0,4,6,3,5
10801	5	0,3,4,5,6	0,4,6,3,5
10802	5	0,3,4,5,6	0,4,6,3,5
10809	5	0,3,4,5,7	0,4,7,3,5
10810	5	0,3,4,5,7	0,4,7,3,5
10813	5	0,3,4,5,7	0,4,7,3,5
10814	5	0,3,4,5,7	0,4,7,3,5
10815	5	0,3,4,5,6	0,4,6,3,5
10816	5	0,3,4,5,7	0,4,7,3,5
10817	6	0,4,1,5,7,6	0,5,4,6,1,7
10818	5	0,3,4,5,7	0,4,7,3,5
10819	5	0,3,4,5,7	0,4,7,3,5
10820	5	0,3,4,5,7	0,4,7,3,5
10821	5	0,3,4,5,6	0,4,6,3,5
10822	8	0,3,4,7,1,5,2,6	0,5,3,6,1,4,2,7
10823	8	0,3,4,1,5,7,2,6	0,4,2,5,3,6,1,7
10825	7	0,3,4,1,5,7,6	0,4,7,1,6,3,5
10826	7	0,3,4,1,5,7,6	0,4,7,1,6,3,5
10828	8	0,3,4,1,5,7,2,6	0,4,2,5,3,6,1,7
10829	7	0,3,4,1,5,7,6	0,4,7,1,6,3,5
10830	7	0,3,4,1,5,7,6	0,4,7,1,6,3,5
10831	7	0,3,4,1,5,7,6	0,4,7,1,6,3,5
10832	7	0,4,1,5,7,2,6	0,5,2,4,6,1,7
10833	5	0,3,4,6,7	0,4,7,3,6
10834	5	0,3,4,6,7	0,4,7,3,6
10835	6	0,4,1,6,5,7	0,5,1,7,4,6
10836	5	0,3,4,6,7	0,4,7,3,6
10837	5	0,3,4,5,6	0,4,6,3,5
10839	6	0,3,1,5,7,6	0,5,3,6,1,7
10840	6	0,3,1,5,7,6	0,5,3,6,1,7
10842	6	0,3,1,5,7,6	0,5,3,6,1,7
10843	6	0,3,1,5,7,6	0,5,3,6,1,7
10844	6	0,3,1,5,7,6	0,5,3,6,1,7
10846	7	0,3,1,4,6,7,5	0,4,7,1,5,3,6
10849	7	0,3,1,4,6,7,5	0,4,7,1,5,3,6
10850	7	0,3,1,4,6,7,5	0,4,7,1,5,3,6
10851	7	0,3,1,4,6,7,5	0,4,7,1,5,3,6
10853	6	0,3,1,6,4,7	0,4,1,7,3,6
10854	6	0,3,1,6,4,7	0,4,1,7,3,6
10855	6	0,3,1,5,7,6	0,5,3,6,1,7
10856	6	0,3,1,5,7,6	0,5,3,6,1,7
10857	6	0,3,1,6,4,7	0,4,1,7,3,6
10858	5	0,3,5,6,7	0,5,7,3,6
10859	6	0,3,1,5,7,6	0,5,3,6,1,7
10860	5	0,3,5,6,7	0,5,7,3,6
10861	5	0,3,5,6,7	0,5,7,3,6
10862	5	0,3,5,6,7	0,5,7,3,6
10863	6	0,3,1,5,6,7	0,5,3,7,1,6
10864	7	0,3,1,4,6,5,7	0,4,7,3,5,1,6
10865	6	0,3,1,5,6,7	0,5,3,7,1,6
10866	6	0,3,1,6,4,7	0,4,1,7,3,6
10867	6	0,3,1,6,4,7	0,4,1,7,3,6
10868	5	0,3,5,6,7	0,5,7,3,6
10869	5	0,3,5,6,7	0,5,7,3,6
10870	7	0,3,1,4,6,5,7	0,4,7,1,5,3,6
10871	5	0,3,5,6,7	0,5,7,3,6
10872	5	0,3,5,6,7	0,5,7,3,6
10873	5	0,3,5,6,7	0,5,7,3,6
10877	6	0,3,1,5,4,7	0,4,1,7,3,5
10878	6	0,3,1,5,7,6	0,5,3,6,1,7
10879	6	0,3,1,5,7,6	0,5,3,6,1,7
10880	6	0,3,1,5,7,6	0,5,3,6,1,7
10881	6	0,3,1,5,4,7	0,4,1,7,3,5
10882	6	0,3,1,5,4,7	0,4,1,7,3,5
10883	6	0,3,1,5,7,6	0,5,3,6,1,7
10884	6	0,3,1,5,7,6	0,5,3,6,1,7
10885	6	0,3,1,5,4,7	0,4,1,7,3,5
10886	7	0,3,1,4,5,7,6	0,4,7,3,6,1,5
10887	6	0,3,1,5,4,7	0,4,1,7,3,5
10888	6	0,3,1,5,4,6	0,4,1,6,3,5
10889	6	0,3,1,5,4,6	0,4,1,6,3,5
10890	6	0,3,1,5,4,6	0,4,1,6,3,5
10891	6	0,3,1,5,4,6	0,4,1,6,3,5
10892	6	0,3,1,5,4,6	0,4,1,6,3,5
10893	6	0,3,1,5,4,6	0,4,1,6,3,5
10894	6	0,3,1,5,4,6	0,4,1,6,3,5
10895	6	0,3,1,5,4,6	0,4,1,6,3,5
10896	6	0,3,1,5,4,6	0,4,1,6,3,5
10897	6	0,3,1,5,4,6	0,4,1,6,3,5
10898	6	0,3,1,5,4,6	0,4,1,6,3,5
10899	5	0,3,5,6,7	0,5,7,3,6
10900	5	0,3,5,6,7	0,5,7,3,6
10901	5	0,3,5,6,7	0,5,7,3,6
10902	6	0,3,1,5,4,6	0,4,1,6,3,5
10903	6	0,3,1,5,4,6	0,4,1,6,3,5
10904	6	0,3,1,5,4,6	0,4,1,6,3,5
10905	6	0,3,1,5,4,6	0,4,1,6,3,5
10906	5	0,3,5,6,7	0,5,7,3,6
11038	6	0,3,1,6,5,7	0,5,1,7,3,6
11040	6	0,3,1,6,5,7	0,5,1,7,3,6
11042	6	0,3,1,6,5,7	0,5,1,7,3,6
11044	6	0,3,1,6,5,7	0,5,1,7,3,6
11063	6	0,3,1,6,5,7	0,5,1,7,3,6
11064	6	0,3,1,6,5,7	0,5,1,7,3,6
11066	6	0,3,1,6,5,7	0,5,1,7,3,6
11068	6	0,3,1,6,5,7	0,5,1,7,3,6
11069	6	0,3,1,6,5,7	0,5,1,7,3,6
11070	6	0,3,1,6,5,7	0,5,1,7,3,6
11082	6	0,4,2,6,5,7	0,5,2,7,4,6
11083	6	0,4,2,6,5,7	0,5,2,7,4,6
11087	6	0,4,2,6,5,7	0,5,2,7,4,6
11088	6	0,4,2,6,5,7	0,5,2,7,4,6
11091	6	0,4,2,6,5,7	0,5,2,7,4,6
11092	6	0,4,2,6,5,7	0,5,2,7,4,6
11093	6	0,4,2,6,5,7	0,5,2,7,4,6
11094	7	0,3,5,2,7,4,6	0,4,2,6,3,7,5
11097	7	0,3,5,2,7,4,6	0,4,2,6,3,7,5
11098	7	0,3,5,2,7,4,6	0,4,2,6,3,7,5
11099	7	0,3,5,2,7,4,6	0,4,2,6,3,7,5
11102	5	0,3,5,6,7	0,5,7,3,6
11104	5	0,3,5,6,7	0,5,7,3,6
11105	5	0,3,5,6,7	0,5,7,3,6
11107	5	0,3,5,6,7	0,5,7,3,6
11108	6	0,4,2,6,5,7	0,5,2,7,4,6
11109	6	0,4,2,6,5,7	0,5,2,7,4,6
11110	6	0,4,2,6,5,7	0,5,2,7,4,6
11111	6	0,4,2,6,5,7	0,5,2,7,4,6
11112	6	0,4,2,6,5,7	0,5,2,7,4,6
11113	5	0,3,5,6,7	0,5,7,3,6
11114	5	0,3,5,6,7	0,5,7,3,6
11115	6	0,4,2,6,5,7	0,5,2,7,4,6
11116	5	0,3,5,6,7	0,5,7,3,6
11278	5	1,3,5,6,7	1,5,7,3,6
11280	5	1,3,5,6,7	1,5,7,3,6
11282	5	1,3,5,6,7	1,5,7,3,6
11283	5	1,3,5,6,7	1,5,7,3,6
11285	5	1,3,5,6,7	1,5,7,3,6
11286	5	1,3,5,6,7	1,5,7,3,6
11291	5	1,3,5,6,7	1,5,7,3,6
11292	6	0,3,1,5,7,6	0,5,3,6,1,7
11294	6	0,3,1,5,7,6	0,5,3,6,1,7
11298	6	0,3,1,5,7,6	0,5,3,6,1,7
11299	6	0,3,1,5,7,6	0,5,3,6,1,7
11300	6	0,3,1,5,7,6	0,5,3,6,1,7
11303	6	0,3,1,5,7,6	0,5,3,6,1,7
11304	8	0,3,1,5,2,7,4,6	0,4,2,6,1,7,3,5
11315	8	0,3,1,5,2,7,4,6	0,4,2,6,1,7,3,5
11318	8	0,3,1,5,2,7,4,6	0,4,2,6,1,7,3,5
11319	8	0,3,1,5,2,7,4,6	0,4,2,6,1,7,3,5
11321	6	0,3,1,5,7,6	0,5,3,6,1,7
11323	6	0,3,1,5,7,6	0,5,3,6,1,7
11328	6	0,3,1,5,7,6	0,5,3,6,1,7
11329	6	0,3,1,5,7,6	0,5,3,6,1,7
11330	6	0,3,1,5,7,6	0,5,3,6,1,7
11333	6	0,3,1,5,7,6	0,5,3,6,1,7
11335	7	0,3,5,2,7,4,6	0,4,2,6,3,7,5
11343	7	0,3,5,2,7,4,6	0,4,2,6,3,7,5
11348	7	0,3,5,2,7,4,6	0,4,2,6,3,7,5
11349	7	0,3,5,2,7,4,6	0,4,2,6,3,7,5
11350	7	0,3,5,2,7,4,6	0,4,2,6,3,7,5
11351	7	0,3,5,2,7,4,6	0,4,2,6,3,7,5
11352	8	0,3,1,5,2,6,4,7	0,4,2,7,1,6,3,5
11353	6	0,3,1,5,7,6	0,5,3,6,1,7
11354	6	0,3,1,6,5,7	0,5,1,7,3,6
11355	5	0,3,5,6,7	0,5,7,3,6
11356	6	0,3,1,5,7,6	0,5,3,6,1,7
11357	5	0,3,5,6,7	0,5,7,3,6
11358	5	0,3,5,6,7	0,5,7,3,6
11359	5	1,3,5,6,7	1,5,7,3,6
11360	5	0,3,5,6,7	0,5,7,3,6
11361	6	0,4,2,6,5,7	0,5,2,7,4,6
11362	6	0,3,1,5,6,7	0,5,3,7,1,6
11363	8	0,3,1,5,2,7,4,6	0,4,2,6,1,7,3,5
11364	6	0,3,1,5,6,7	0,5,3,7,1,6
11365	6	0,3,1,5,6,7	0,5,3,7,1,6
11366	5	0,3,5,6,7	0,5,7,3,6
11367	5	0,3,5,6,7	0,5,7,3,6
11368	5	0,3,5,6,7	0,5,7,3,6
11369	7	0,3,5,2,6,4,7	0,4,2,7,3,6,5
11370	5	0,3,5,6,7	0,5,7,3,6
11371	5	0,3,5,6,7	0,5,7,3,6
11372	7	0,3,5,2,6,4,7	0,4,2,7,3,6,5
11373	7	0,3,5,2,6,4,7	0,4,2,7,3,6,5
11374	5	1,3,5,6,7	1,5,7,3,6
11375	7	0,3,5,2,6,4,7	0,4,2,7,3,6,5
11376	5	1,3,5,6,7	1,5,7,3,6
11377	5	1,3,5,6,7	1,5,7,3,6
11378	5	0,3,5,6,7	0,5,7,3,6
11379	6	0,3,5,4,7,6	0,4,6,3,7,5
11380	6	0,3,5,4,7,6	0,4,6,3,7,5
11382	6	0,3,5,4,7,6	0,4,6,3,7,5
11383	6	0,3,5,4,7,6	0,4,6,3,7,5
11384	6	0,3,5,4,7,6	0,4,6,3,7,5
11385	7	0,3,1,6,4,7,5	0,4,5,1,7,3,6
11386	7	0,3,1,5,7,4,6	0,4,5,3,6,1,7
11387	7	0,3,1,5,4,6,7	0,4,7,1,6,3,5
11388	6	0,3,1,5,7,6	0,5,3,6,1,7
11389	6	0,3,1,5,7,6	0,5,3,6,1,7
11390	6	0,3,5,4,7,6	0,4,6,3,7,5
11391	6	0,3,5,4,7,6	0,4,6,3,7,5
11392	6	0,3,1,5,7,6	0,5,3,6,1,7
11393	6	0,3,1,6,5,7	0,5,1,7,3,6
11394	5	0,3,5,6,7	0,5,7,3,6
11395	5	0,3,5,6,7	0,5,7,3,6
11396	5	0,3,5,6,7	0,5,7,3,6
11397	5	0,3,5,6,7	0,5,7,3,6
11398	5	0,3,5,6,7	0,5,7,3,6
11400	8	0,3,1,5,4,7,2,6	0,4,2,5,3,6,1,7
11404	8	0,3,1,5,4,7,2,6	0,4,2,5,3,6,1,7
11413	8	0,3,1,5,4,7,2,6	0,4,2,5,3,6,1,7
11414	8	0,3,1,5,4,7,2,6	0,4,2,5,3,6,1,7
11416	8	0,3,1,5,4,7,2,6	0,4,2,5,3,6,1,7
11420	8	0,3,1,5,4,7,2,6	0,4,2,5,3,6,1,7
11422	7	0,3,1,5,7,4,6	0,4,5,3,6,1,7
11423	7	0,3,1,5,7,4,6	0,4,5,3,6,1,7
11431	7	0,3,1,5,7,4,6	0,4,5,3,6,1,7
11433	7	0,3,1,5,7,4,6	0,4,5,3,6,1,7
11435	7	0,3,1,5,7,4,6	0,4,5,3,6,1,7
11436	7	1,3,5,2,6,4,7	1,5,4,2,7,3,6
11437	7	1,3,5,2,6,4,7	1,5,4,2,7,3,6
11443	7	1,3,5,2,6,4,7	1,5,4,2,7,3,6
11446	7	1,3,5,2,6,4,7	1,5,4,2,7,3,6
11447	7	1,3,5,2,6,4,7	1,5,4,2,7,3,6
11448	7	1,3,5,2,6,4,7	1,5,4,2,7,3,6
11449	7	1,3,5,2,6,4,7	1,5,4,2,7,3,6
11450	7	0,3,1,5,7,4,6	0,4,5,3,6,1,7
11451	7	1,3,5,2,6,4,7	1,5,4,2,7,3,6
11452	7	1,3,5,2,6,4,7	1,5,4,2,7,3,6
11453	7	0,3,1,5,7,4,6	0,4,5,3,6,1,7
11454	7	0,3,1,5,6,4,7	0,4,5,3,7,1,6
11455	5	1,3,5,6,7	1,5,7,3,6
11456	6	0,3,5,6,4,7	0,4,5,7,3,6
11457	5	1,3,5,6,7	1,5,7,3,6
11458	5	1,3,5,6,7	1,5,7,3,6
11459	5	1,3,5,6,7	1,5,7,3,6
11460	5	1,3,5,6,7	1,5,7,3,6
11461	5	1,3,5,6,7	1,5,7,3,6
11462	7	0,3,1,5,7,4,6	0,4,5,3,6,1,7
11463	6	0,3,1,5,7,6	0,5,3,6,1,7
11464	6	0,3,1,5,7,6	0,5,3,6,1,7
11465	6	0,3,5,4,7,6	0,4,6,3,7,5
11466	6	0,3,1,5,7,6	0,5,3,6,1,7
11467	5	0,3,5,6,7	0,5,7,3,6
11468	6	0,3,1,6,4,7	0,4,1,7,3,6
11469	6	0,3,1,6,4,7	0,4,1,7,3,6
11470	7	0,4,1,5,7,2,6	0,5,2,4,6,1,7
11471	7	0,4,1,5,7,2,6	0,5,2,4,6,1,7
11472	6	0,3,1,6,4,7	0,4,1,7,3,6
11473	8	0,3,1,4,6,2,5,7	0,4,2,7,3,6,1,5
11474	6	0,3,1,6,4,7	0,4,1,7,3,6
11475	6	0,4,1,6,5,7	0,5,1,7,4,6
11476	6	0,4,1,6,5,7	0,5,1,7,4,6
11477	6	0,4,1,6,5,7	0,5,1,7,4,6
11478	6	0,4,1,6,5,7	0,5,1,7,4,6
11479	6	0,4,1,6,5,7	0,5,1,7,4,6
11480	6	0,3,1,6,4,7	0,4,1,7,3,6
11481	6	0,3,1,6,4,7	0,4,1,7,3,6
11488	5	0,3,5,6,7	0,5,7,3,6
11491	5	0,3,5,6,7	0,5,7,3,6
11492	5	0,3,5,6,7	0,5,7,3,6
11493	5	0,3,5,6,7	0,5,7,3,6
11495	5	0,3,5,6,7	0,5,7,3,6
11496	6	0,3,1,6,4,7	0,4,1,7,3,6
11497	6	0,3,1,6,4,7	0,4,1,7,3,6
11498	6	0,3,1,5,7,6	0,5,3,6,1,7
11499	6	0,3,1,5,7,6	0,5,3,6,1,7
11500	6	0,3,1,6,4,7	0,4,1,7,3,6
11501	7	0,3,1,4,6,7,5	0,4,7,3,5,1,6
11502	6	0,3,1,6,4,7	0,4,1,7,3,6
11503	6	0,3,1,6,5,7	0,5,1,7,3,6
11504	5	0,3,5,6,7	0,5,7,3,6
11505	5	0,3,5,6,7	0,5,7,3,6
11506	5	0,3,5,6,7	0,5,7,3,6
11507	6	0,3,1,6,4,7	0,4,1,7,3,6
11508	6	0,3,1,6,4,7	0,4,1,7,3,6
11509	5	0,3,5,6,7	0,5,7,3,6
11510	5	0,3,5,6,7	0,5,7,3,6
11511	7	0,3,1,4,6,5,7	0,4,7,1,5,3,6
11512	5	0,3,5,6,7	0,5,7,3,6
11513	5	0,3,5,6,7	0,5,7,3,6
11514	5	0,3,5,6,7	0,5,7,3,6
11515	7	0,3,1,4,6,7,5	0,4,7,1,5,3,6
11516	5	0,3,5,6,7	0,5,7,3,6
11517	6	0,3,1,6,4,7	0,4,1,7,3,6
11518	5	0,3,5,6,7	0,5,7,3,6
11520	6	0,3,1,5,7,6	0,5,3,6,1,7
11521	6	0,3,1,5,7,6	0,5,3,6,1,7
11522	8	0,3,1,4,7,5,2,6	0,4,2,7,1,6,3,5
11523	6	0,3,1,5,7,6	0,5,3,6,1,7
11524	6	0,3,1,5,7,6	0,5,3,6,1,7
11525	6	0,3,1,5,7,6	0,5,3,6,1,7
11526	6	0,3,1,6,4,7	0,4,1,7,3,6
11527	6	0,3,1,6,4,7	0,4,1,7,3,6
11528	6	0,3,1,6,4,7	0,4,1,7,3,6
11529	6	0,3,1,6,5,7	0,5,1,7,3,6
11530	5	0,3,5,6,7	0,5,7,3,6
11531	5	0,3,5,6,7	0,5,7,3,6
11532	5	0,3,5,6,7	0,5,7,3,6
11533	8	0,3,1,5,4,7,2,6	0,5,2,4,1,6,3,7
11535	8	0,3,1,4,5,7,2,6	0,4,2,5,1,6,3,7
11536	7	0,4,1,5,2,6,7	0,5,4,2,7,1,6
11537	7	0,4,1,5,2,6,7	0,5,4,2,7,1,6
11540	7	0,3,1,4,5,7,6	0,4,7,3,6,1,5
11541	7	0,3,1,4,5,7,6	0,4,7,3,6,1,5
11542	8	0,3,1,4,5,7,2,6	0,4,2,5,1,6,3,7
11543	7	0,4,1,5,2,6,7	0,5,4,2,7,1,6
11544	7	0,4,1,5,2,6,7	0,5,4,2,7,1,6
11545	7	0,3,1,4,5,7,6	0,4,7,3,6,1,5
11546	7	0,3,1,4,5,7,6	0,4,7,3,6,1,5
11547	7	0,4,1,5,2,6,7	0,5,4,2,7,1,6
11548	6	0,3,1,6,4,7	0,4,1,7,3,6
11549	6	0,3,1,6,4,7	0,4,1,7,3,6
11550	6	0,4,1,5,7,6	0,5,4,6,1,7
11551	6	0,3,1,6,4,7	0,4,1,7,3,6
11552	6	0,4,1,6,5,7	0,5,1,7,4,6
11553	5	0,4,5,6,7	0,5,7,4,6
11554	5	0,4,5,6,7	0,5,7,4,6
11555	5	0,4,5,6,7	0,5,7,4,6
11556	6	0,3,1,5,4,6	0,4,1,6,3,5
11557	6	0,3,1,5,4,6	0,4,1,6,3,5
11558	6	0,3,1,5,4,6	0,4,1,6,3,5
11559	5	0,3,5,6,7	0,5,7,3,6
11560	6	0,3,1,4,7,5	0,4,3,5,1,7
11561	5	0,3,4,6,7	0,4,7,3,6
11562	5	0,3,4,6,7	0,4,7,3,6
11563	6	0,3,1,4,7,5	0,4,3,5,1,7
11564	5	0,3,5,6,7	0,5,7,3,6
11565	6	0,3,1,4,7,5	0,4,3,5,1,7
11566	5	0,3,5,6,7	0,5,7,3,6
11567	6	0,3,1,4,6,5	0,4,3,5,1,6
11568	6	0,3,1,4,6,5	0,4,3,5,1,6
11569	6	0,3,1,4,6,5	0,4,3,5,1,6
11570	5	0,3,4,6,7	0,4,7,3,6
11571	5	0,3,4,5,7	0,4,7,3,5
11572	5	0,3,4,6,7	0,4,7,3,6
11573	5	0,3,4,5,7	0,4,7,3,5
11574	5	0,3,4,5,6	0,4,6,3,5
11575	5	0,3,4,5,6	0,4,6,3,5
11576	5	0,3,4,5,6	0,4,6,3,5
11577	5	0,3,4,5,6	0,4,6,3,5
11578	5	0,3,4,5,6	0,4,6,3,5
11579	5	0,3,4,5,6	0,4,6,3,5
11580	5	0,3,4,5,6	0,4,6,3,5
11581	5	0,3,4,5,6	0,4,6,3,5
11582	5	0,3,4,5,6	0,4,6,3,5
11583	5	0,3,4,5,7	0,4,7,3,5
11584	5	0,3,4,6,7	0,4,7,3,6
11585	5	0,3,4,5,7	0,4,7,3,5
11586	5	0,3,4,5,7	0,4,7,3,5
11587	5	0,3,5,6,7	0,5,7,3,6
11588	6	0,3,1,4,7,6	0,4,3,6,1,7
11589	5	0,3,4,5,7	0,4,7,3,5
11590	5	0,3,4,5,6	0,4,6,3,5
11591	5	0,3,4,5,6	0,4,6,3,5
11592	5	0,3,4,5,6	0,4,6,3,5
11593	5	0,3,4,5,6	0,4,6,3,5
11594	5	0,3,4,5,7	0,4,7,3,5
11595	6	0,3,1,5,4,6	0,4,1,6,3,5
11596	5	0,3,4,5,7	0,4,7,3,5
11597	5	0,3,4,5,7	0,4,7,3,5
11598	5	0,3,4,5,7	0,4,7,3,5
11599	5	0,3,4,5,6	0,4,6,3,5
11600	8	0,3,1,5,7,4,2,6	0,4,3,6,1,7,2,5
11601	8	0,3,1,5,7,4,2,6	0,4,3,6,1,7,2,5
11602	8	0,3,1,5,7,4,2,6	0,4,3,6,1,7,2,5
11606	8	0,3,1,5,7,4,2,6	0,4,3,6,1,7,2,5
11609	8	0,3,1,5,7,4,2,6	0,4,3,6,1,7,2,5
11610	8	0,3,1,5,7,4,2,6	0,4,3,6,1,7,2,5
11611	8	0,3,1,5,7,2,6,4	0,5,2,4,3,6,1,7
11615	8	0,3,1,5,7,2,6,4	0,5,2,4,3,6,1,7
11618	8	0,3,1,5,7,2,6,4	0,5,2,4,3,6,1,7
11619	8	0,3,1,5,7,2,4,6	0,4,3,7,1,6,2,5
11620	5	0,3,4,6,7	0,4,7,3,6
11621	5	0,3,4,6,7	0,4,7,3,6
11622	8	0,3,1,5,7,2,4,6	0,4,3,7,1,6,2,5
11623	5	0,3,4,6,7	0,4,7,3,6
11624	6	0,3,1,6,5,7	0,5,1,7,3,6
11625	8	0,3,1,5,6,2,4,7	0,4,3,6,1,7,2,5
11626	6	0,3,1,6,5,7	0,5,1,7,3,6
11627	8	0,3,1,5,6,2,4,7	0,4,3,6,1,7,2,5
11628	6	0,3,1,6,5,7	0,5,1,7,3,6
11629	7	0,3,4,2,7,5,6	0,4,7,3,6,2,5
11630	7	0,3,4,2,7,5,6	0,4,7,3,6,2,5
11631	6	0,3,1,6,5,7	0,5,1,7,3,6
11632	6	0,3,1,6,5,7	0,5,1,7,3,6
11633	5	0,3,4,6,7	0,4,7,3,6
11634	5	0,3,4,6,7	0,4,7,3,6
11635	5	0,3,4,6,7	0,4,7,3,6
11636	7	0,3,4,2,6,5,7	0,4,6,3,7,2,5
11637	7	0,3,1,5,6,4,7	0,4,3,6,1,7,5
11638	7	0,3,1,5,6,4,7	0,4,3,6,1,7,5
11640	7	0,3,1,5,6,4,7	0,4,3,6,1,7,5
11641	6	0,3,1,6,5,7	0,5,1,7,3,6
11642	5	0,3,4,6,7	0,4,7,3,6
11643	8	0,3,1,5,2,6,4,7	0,5,3,4,2,7,1,6
11644	8	0,3,1,5,2,6,4,7	0,5,3,4,2,7,1,6
11647	8	0,3,1,5,2,7,4,6	0,4,2,6,1,7,3,5
11648	7	0,3,4,2,5,7,6	0,4,6,2,7,3,5
11649	7	0,3,4,2,5,7,6	0,4,6,2,7,3,5
11651	7	0,3,1,5,7,6,4	0,5,3,4,7,1,6
11652	8	0,3,1,5,2,6,4,7	0,5,3,4,2,7,1,6
11653	7	0,3,4,2,5,7,6	0,4,6,2,7,3,5
11654	7	0,3,1,5,7,6,4	0,5,3,4,7,1,6
11655	7	0,3,1,5,7,6,4	0,5,3,4,7,1,6
11656	7	0,3,1,5,7,6,4	0,5,3,4,7,1,6
11657	7	0,4,3,5,7,1,6	0,5,1,3,6,4,7
11658	5	0,3,4,6,7	0,4,7,3,6
11659	5	0,3,4,6,7	0,4,7,3,6
11660	6	0,3,1,6,5,7	0,5,1,7,3,6
11661	5	0,3,5,6,7	0,5,7,3,6
11662	6	0,3,1,5,7,6	0,5,3,6,1,7
11663	5	0,3,5,6,7	0,5,7,3,6
11664	6	0,4,2,6,5,7	0,5,2,7,4,6
11665	6	0,3,1,5,6,7	0,5,3,7,1,6
11666	6	0,3,4,6,7,5	0,4,7,3,5,6
11667	6	0,3,1,5,6,7	0,5,3,7,1,6
11668	5	0,3,4,6,7	0,4,7,3,6
11669	7	0,3,1,5,7,4,6	0,4,5,3,6,1,7
11670	5	0,3,4,6,7	0,4,7,3,6
11671	5	0,3,4,6,7	0,4,7,3,6
11672	6	0,3,5,6,4,7	0,4,5,7,3,6
11673	5	0,3,4,6,7	0,4,7,3,6
11674	5	0,3,4,6,7	0,4,7,3,6
11675	5	0,3,4,6,7	0,4,7,3,6
11676	5	0,3,4,6,7	0,4,7,3,6
11677	5	0,3,4,5,7	0,4,7,3,5
11678	6	0,3,1,5,7,6	0,5,3,6,1,7
11679	6	0,3,5,4,7,6	0,4,6,3,7,5
11680	5	0,3,4,5,7	0,4,7,3,5
11681	5	0,3,4,5,6	0,4,6,3,5
11682	5	0,3,4,6,7	0,4,7,3,6
11683	6	0,3,1,4,7,5	0,4,3,5,1,7
11684	5	0,3,4,6,7	0,4,7,3,6
11685	5	0,3,4,6,7	0,4,7,3,6
11686	5	0,3,4,5,6	0,4,6,3,5
11687	6	0,3,1,6,4,7	0,4,1,7,3,6
11688	6	0,3,1,6,4,7	0,4,1,7,3,6
11689	6	0,3,1,6,4,7	0,4,1,7,3,6
11690	6	0,3,1,6,4,7	0,4,1,7,3,6
11691	7	0,3,1,4,6,2,7	0,4,2,3,7,1,6
11692	6	0,3,1,6,4,7	0,4,1,7,3,6
11693	6	0,3,1,6,4,7	0,4,1,7,3,6
11694	6	0,3,1,6,4,7	0,4,1,7,3,6
11695	6	0,3,1,6,4,7	0,4,1,7,3,6
11696	7	0,3,1,4,6,2,5	0,4,2,3,5,1,6
11697	7	0,3,1,4,6,2,5	0,4,2,3,5,1,6
11698	7	0,3,1,4,6,2,5	0,4,2,3,5,1,6
11699	7	0,3,1,4,6,2,5	0,4,2,3,5,1,6
11700	7	0,3,1,4,6,2,5	0,4,2,3,5,1,6
11701	7	0,3,1,4,6,2,5	0,4,2,3,5,1,6
11702	7	0,3,1,4,6,2,5	0,4,2,3,5,1,6
11703	7	0,3,1,4,6,2,5	0,4,2,3,5,1,6
11704	6	0,3,1,6,4,7	0,4,1,7,3,6
11705	6	0,3,1,6,4,7	0,4,1,7,3,6
11706	6	0,3,1,6,4,7	0,4,1,7,3,6
11707	6	0,3,1,6,5,7	0,5,1,7,3,6
11708	5	0,3,5,6,7	0,5,7,3,6
11709	5	0,3,5,6,7	0,5,7,3,6
11710	5	0,3,5,6,7	0,5,7,3,6
11711	6	0,3,1,5,4,6	0,4,1,6,3,5
11712	6	0,3,1,5,4,6	0,4,1,6,3,5
11713	6	0,3,1,5,4,6	0,4,1,6,3,5
11714	5	0,3,5,6,7	0,5,7,3,6
11715	5	0,3,4,5,6	0,4,6,3,5
11720	5	0,2,4,6,7	0,4,7,2,6
11723	5	0,2,4,6,7	0,4,7,2,6
11725	5	0,2,4,6,7	0,4,7,2,6
11726	5	0,2,4,6,7	0,4,7,2,6
11744	5	0,2,4,6,7	0,4,7,2,6
11745	5	0,2,4,6,7	0,4,7,2,6
11749	5	0,2,4,6,7	0,4,7,2,6
11751	5	0,2,4,6,7	0,4,7,2,6
11752	5	0,2,4,6,7	0,4,7,2,6
11757	5	0,2,4,6,7	0,4,7,2,6
11759	5	0,2,4,6,7	0,4,7,2,6
11760	5	0,2,4,6,7	0,4,7,2,6
11762	5	0,2,4,6,7	0,4,7,2,6
11766	5	0,2,4,6,7	0,4,7,2,6
11770	5	0,2,4,6,7	0,4,7,2,6
11772	5	0,2,4,6,7	0,4,7,2,6
11774	5	0,2,4,6,7	0,4,7,2,6
11775	5	0,2,4,6,7	0,4,7,2,6
11776	5	0,2,5,6,7	0,5,7,2,6
11777	5	0,2,5,6,7	0,5,7,2,6
11780	5	0,2,5,6,7	0,5,7,2,6
11781	5	0,2,5,6,7	0,5,7,2,6
11783	5	0,2,5,6,7	0,5,7,2,6
11784	5	0,2,5,6,7	0,5,7,2,6
11788	5	0,2,5,6,7	0,5,7,2,6
11789	5	0,2,5,6,7	0,5,7,2,6
11791	5	0,2,5,6,7	0,5,7,2,6
11793	5	0,2,4,6,7	0,4,7,2,6
11794	5	0,2,4,6,7	0,4,7,2,6
11795	5	0,2,4,6,7	0,4,7,2,6
11798	5	0,2,5,6,7	0,5,7,2,6
11799	5	0,2,5,6,7	0,5,7,2,6
11801	5	0,2,5,6,7	0,5,7,2,6
11802	6	0,4,2,6,5,7	0,5,2,7,4,6
11803	5	0,2,4,6,7	0,4,7,2,6
11804	5	0,2,4,6,7	0,4,7,2,6
11807	6	0,2,4,6,7,5	0,4,7,2,5,6
11809	6	0,2,4,6,7,5	0,4,7,2,5,6
11810	6	0,2,4,6,7,5	0,4,7,2,5,6
11811	6	0,4,2,6,5,7	0,5,2,7,4,6
11812	5	0,2,4,6,7	0,4,7,2,6
11813	5	0,2,5,6,7	0,5,7,2,6
11814	5	0,2,4,6,7	0,4,7,2,6
11815	6	0,2,4,6,5,7	0,4,7,6,2,5
11816	5	0,2,4,6,7	0,4,7,2,6
11817	5	0,2,4,6,7	0,4,7,2,6
11818	6	0,4,2,6,5,7	0,5,2,7,4,6
11819	5	0,2,4,6,7	0,4,7,2,6
11871	5	0,2,4,6,7	0,4,7,2,6
11872	5	0,2,4,6,7	0,4,7,2,6
11876	5	0,2,4,6,7	0,4,7,2,6
11878	5	0,2,4,6,7	0,4,7,2,6
11879	5	0,2,4,6,7	0,4,7,2,6
11906	5	1,3,5,6,7	1,5,7,3,6
11910	5	1,3,5,6,7	1,5,7,3,6
11912	5	1,3,5,6,7	1,5,7,3,6
11913	5	1,3,5,6,7	1,5,7,3,6
11916	5	0,2,4,6,7	0,4,7,2,6
11918	5	0,2,4,6,7	0,4,7,2,6
11920	5	0,2,4,6,7	0,4,7,2,6
11922	5	1,3,5,6,7	1,5,7,3,6
11924	5	1,3,5,6,7	1,5,7,3,6
11925	5	1,3,5,6,7	1,5,7,3,6
11927	5	0,2,4,6,7	0,4,7,2,6
11928	5	0,2,4,5,7	0,4,7,2,5
11930	5	0,2,4,6,7	0,4,7,2,6
11931	5	0,2,4,6,7	0,4,7,2,6
11932	5	0,2,4,5,7	0,4,7,2,5
11933	5	0,2,4,6,7	0,4,7,2,6
11934	6	0,4,2,5,7,6	0,5,4,6,2,7
11935	5	0,2,4,5,7	0,4,7,2,5
11936	5	0,2,4,5,7	0,4,7,2,5
11937	5	0,2,4,5,7	0,4,7,2,5
11938	5	0,2,4,5,6	0,4,6,2,5
11939	5	0,2,4,5,6	0,4,6,2,5
11940	5	0,2,4,5,6	0,4,6,2,5
11941	5	0,2,4,5,6	0,4,6,2,5
11942	5	0,2,4,5,6	0,4,6,2,5
11943	5	0,2,4,5,7	0,4,7,2,5
11944	5	0,2,4,6,7	0,4,7,2,6
11945	6	0,4,2,5,7,6	0,5,4,6,2,7
11946	5	0,2,4,5,7	0,4,7,2,5
11947	5	0,2,4,5,7	0,4,7,2,5
11948	5	0,2,4,5,6	0,4,6,2,5
11949	5	0,2,4,5,6	0,4,6,2,5
11950	5	0,2,4,5,6	0,4,6,2,5
11951	5	0,2,4,5,6	0,4,6,2,5
11952	5	0,2,4,5,6	0,4,6,2,5
11953	5	0,2,4,5,6	0,4,6,2,5
11954	7	0,2,5,1,6,3,7	0,5,3,1,7,2,6
11960	7	0,2,5,1,6,3,7	0,5,3,1,7,2,6
11961	7	0,2,5,1,6,3,7	0,5,3,1,7,2,6
11964	7	0,2,5,1,6,3,7	0,5,3,1,7,2,6
11965	8	0,2,4,6,1,7,3,5	0,4,7,2,5,1,3,6
11968	8	0,2,4,6,1,7,3,5	0,4,7,2,5,1,3,6
11974	8	0,2,4,6,1,7,3,5	0,4,7,2,5,1,3,6
11977	8	0,2,4,6,1,7,3,5	0,4,7,2,5,1,3,6
11978	8	0,2,4,6,1,7,3,5	0,4,7,2,5,1,3,6
11979	7	0,2,5,1,6,3,7	0,5,3,1,7,2,6
11980	5	0,2,4,6,7	0,4,7,2,6
11981	7	0,2,5,1,6,3,7	0,5,3,1,7,2,6
11982	5	0,2,4,6,7	0,4,7,2,6
11983	5	0,2,5,6,7	0,5,7,2,6
11984	5	0,2,5,6,7	0,5,7,2,6
11985	5	1,3,5,6,7	1,5,7,3,6
11986	5	0,2,5,6,7	0,5,7,2,6
11987	6	0,4,2,6,5,7	0,5,2,7,4,6
11988	5	0,2,4,6,7	0,4,7,2,6
11989	5	0,2,4,6,7	0,4,7,2,6
11990	5	0,2,4,6,7	0,4,7,2,6
11991	5	0,2,4,6,7	0,4,7,2,6
11992	8	0,2,4,6,1,7,3,5	0,4,7,2,5,1,3,6
11993	6	0,2,4,6,7,5	0,4,7,2,5,6
11994	5	1,3,5,6,7	1,5,7,3,6
11995	5	1,3,5,6,7	1,5,7,3,6
11996	5	0,2,4,6,7	0,4,7,2,6
11998	5	0,2,4,5,7	0,4,7,2,5
12000	5	0,2,4,5,7	0,4,7,2,5
12005	5	0,2,4,5,7	0,4,7,2,5
12007	5	0,2,4,5,7	0,4,7,2,5
12010	5	0,2,4,5,7	0,4,7,2,5
12012	5	0,2,4,5,7	0,4,7,2,5
12013	5	0,2,4,5,7	0,4,7,2,5
12015	5	0,2,4,5,7	0,4,7,2,5
12016	6	0,4,2,5,7,6	0,5,4,6,2,7
12017	6	0,4,2,5,7,6	0,5,4,6,2,7
12018	5	0,2,4,5,7	0,4,7,2,5
12019	5	0,2,4,5,7	0,4,7,2,5
12020	6	0,4,2,5,7,6	0,5,4,6,2,7
12021	5	0,2,4,5,7	0,4,7,2,5
12022	5	0,2,4,5,7	0,4,7,2,5
12023	5	0,2,4,5,7	0,4,7,2,5
12026	5	0,2,4,5,7	0,4,7,2,5
12027	6	0,4,2,5,7,6	0,5,4,6,2,7
12028	5	0,2,4,5,7	0,4,7,2,5
12029	5	0,2,4,5,7	0,4,7,2,5
12030	6	0,4,2,5,7,6	0,5,4,6,2,7
12031	5	0,2,4,5,7	0,4,7,2,5
12032	5	0,2,4,5,7	0,4,7,2,5
12033	5	0,2,4,5,7	0,4,7,2,5
12034	5	0,2,4,6,7	0,4,7,2,6
12035	5	0,2,4,5,7	0,4,7,2,5
12036	5	0,2,4,5,7	0,4,7,2,5
12037	5	0,2,4,5,6	0,4,6,2,5
12038	5	0,2,4,5,6	0,4,6,2,5
12039	5	0,2,4,5,6	0,4,6,2,5
12040	5	0,2,4,5,6	0,4,6,2,5
12041	5	0,2,4,5,6	0,4,6,2,5
12042	5	0,2,4,5,6	0,4,6,2,5
12043	5	0,2,4,5,7	0,4,7,2,5
12044	6	0,4,2,5,7,6	0,5,4,6,2,7
12045	5	0,2,4,5,7	0,4,7,2,5
12046	5	0,2,4,5,7	0,4,7,2,5
12047	5	0,2,4,5,6	0,4,6,2,5
12048	8	0,2,4,1,5,7,3,6	0,4,6,2,7,1,3,5
12049	8	0,2,4,1,5,7,3,6	0,4,6,2,7,1,3,5
12053	8	0,2,4,1,5,7,3,6	0,4,6,2,7,1,3,5
12054	5	0,2,4,6,7	0,4,7,2,6
12056	5	0,2,4,6,7	0,4,7,2,6
12057	8	0,2,4,1,5,7,3,6	0,4,6,2,7,1,3,5
12058	7	0,4,1,5,7,3,6	0,5,3,1,6,4,7
12059	5	0,2,4,6,7	0,4,7,2,6
12060	8	0,2,4,1,5,7,3,6	0,4,6,2,7,1,3,5
12061	5	0,2,4,6,7	0,4,7,2,6
12062	7	0,4,1,5,7,3,6	0,5,3,1,6,4,7
12063	5	0,2,4,6,7	0,4,7,2,6
12064	8	0,2,4,1,5,7,3,6	0,4,6,2,7,1,3,5
12065	5	0,2,4,6,7	0,4,7,2,6
12066	6	0,4,1,6,5,7	0,5,1,7,4,6
12067	6	0,4,1,6,5,7	0,5,1,7,4,6
12068	5	0,2,4,6,7	0,4,7,2,6
12069	6	0,4,1,6,5,7	0,5,1,7,4,6
12070	5	0,2,4,6,7	0,4,7,2,6
12071	6	0,4,1,6,5,7	0,5,1,7,4,6
12072	5	0,2,4,6,7	0,4,7,2,6
12075	8	0,2,4,1,6,3,7,5	0,4,7,1,3,5,2,6
12078	8	0,2,4,1,6,3,7,5	0,4,7,1,3,5,2,6
12081	8	0,2,4,1,6,3,7,5	0,4,7,1,3,5,2,6
12082	8	0,2,4,1,6,3,7,5	0,4,7,1,3,5,2,6
12086	5	0,2,4,6,7	0,4,7,2,6
12087	5	0,2,4,6,7	0,4,7,2,6
12088	5	0,2,4,6,7	0,4,7,2,6
12089	8	0,2,4,1,7,5,3,6	0,4,6,1,3,7,2,5
12090	8	0,2,4,1,7,5,3,6	0,4,6,1,3,7,2,5
12091	8	0,2,4,1,7,5,3,6	0,4,6,1,3,7,2,5
12094	8	0,2,4,1,7,5,3,6	0,4,6,1,3,7,2,5
12096	8	0,2,4,1,7,5,3,6	0,4,6,1,3,7,2,5
12098	8	0,2,4,1,7,5,3,6	0,4,6,1,3,7,2,5
12099	8	0,2,4,1,6,3,7,5	0,4,6,2,5,3,1,7
12100	5	0,2,4,6,7	0,4,7,2,6
12101	8	0,2,4,1,6,3,7,5	0,4,6,2,5,3,1,7
12102	5	0,2,4,6,7	0,4,7,2,6
12103	5	0,2,4,6,7	0,4,7,2,6
12104	5	0,2,4,6,7	0,4,7,2,6
12105	6	0,4,2,6,5,7	0,5,2,7,4,6
12106	5	0,2,4,6,7	0,4,7,2,6
12107	5	0,2,4,6,7	0,4,7,2,6
12108	5	0,2,4,6,7	0,4,7,2,6
12109	8	0,2,4,1,7,3,6,5	0,4,7,2,5,3,1,6
12110	8	0,2,4,1,6,5,3,7	0,4,6,3,1,7,2,5
12111	8	0,2,4,1,6,5,3,7	0,4,6,3,1,7,2,5
12112	6	0,2,4,6,7,5	0,4,7,2,5,6
12114	6	0,2,4,6,7,5	0,4,7,2,5,6
12115	6	0,2,4,6,7,5	0,4,7,2,5,6
12116	6	0,4,2,6,5,7	0,5,2,7,4,6
12117	5	0,2,4,6,7	0,4,7,2,6
12119	7	0,4,1,5,7,2,6	0,5,2,4,6,1,7
12120	7	0,2,4,6,1,7,5	0,6,2,5,1,4,7
12121	7	0,2,4,6,1,7,5	0,6,2,5,1,4,7
12123	5	0,2,4,6,7	0,4,7,2,6
12124	7	0,2,4,6,1,7,5	0,6,2,5,1,4,7
12125	5	0,2,4,6,7	0,4,7,2,6
12126	5	0,2,4,6,7	0,4,7,2,6
12127	5	0,2,4,6,7	0,4,7,2,6
12128	7	0,2,5,1,6,3,7	0,5,3,1,7,2,6
12129	7	0,2,5,1,6,3,7	0,5,3,1,7,2,6
12130	5	0,2,4,6,7	0,4,7,2,6
12131	5	0,2,4,6,7	0,4,7,2,6
12132	7	0,2,5,1,6,3,7	0,5,3,1,7,2,6
12133	5	0,2,5,6,7	0,5,7,2,6
12134	5	0,2,5,6,7	0,5,7,2,6
12135	5	0,2,4,6,7	0,4,7,2,6
12136	5	0,2,4,5,7	0,4,7,2,5
12137	5	0,2,4,6,7	0,4,7,2,6
12138	6	0,4,1,5,7,6	0,5,4,6,1,7
12139	5	0,2,4,5,7	0,4,7,2,5
12140	5	0,2,4,5,6	0,4,6,2,5
12141	5	0,2,4,5,6	0,4,6,2,5
12142	5	0,2,4,5,6	0,4,6,2,5
12143	5	0,2,4,5,6	0,4,6,2,5
12144	5	0,2,4,5,6	0,4,6,2,5
12145	5	0,2,4,5,7	0,4,7,2,5
12146	6	0,4,1,5,6,7	0,5,4,7,1,6
12147	5	0,4,5,6,7	0,5,7,4,6
12148	5	0,2,4,5,7	0,4,7,2,5
12149	5	0,2,4,5,6	0,4,6,2,5
12150	5	0,2,4,5,6	0,4,6,2,5
12151	5	0,2,4,5,6	0,4,6,2,5
12152	5	0,2,4,5,6	0,4,6,2,5
12153	5	0,2,4,5,6	0,4,6,2,5
12154	8	0,2,4,5,1,6,3,7	0,5,3,1,4,7,2,6
12155	8	0,2,4,1,6,7,3,5	0,4,5,1,3,6,2,7
12157	7	0,4,1,5,3,6,7	0,5,4,7,3,1,6
12158	7	0,4,1,5,3,6,7	0,5,4,7,3,1,6
12161	7	0,2,4,1,6,7,5	0,4,5,1,7,2,6
12162	8	0,2,4,1,5,7,3,6	0,4,7,2,6,1,3,5
12163	8	0,2,4,1,5,7,3,6	0,4,5,3,1,6,2,7
12164	7	0,4,1,5,3,6,7	0,5,4,7,3,1,6
12165	7	0,2,4,1,6,7,5	0,4,5,1,7,2,6
12166	7	0,4,1,5,3,6,7	0,5,4,7,3,1,6
12167	7	0,2,4,1,6,7,5	0,4,5,1,7,2,6
12168	7	0,2,4,5,7,1,6	0,5,1,4,6,2,7
12169	5	0,2,4,6,7	0,4,7,2,6
12170	6	0,4,1,5,7,6	0,5,4,6,1,7
12171	5	0,2,4,6,7	0,4,7,2,6
12172	5	0,2,4,6,7	0,4,7,2,6
12173	5	0,2,4,5,7	0,4,7,2,5
12174	8	0,2,4,1,6,3,7,5	0,4,7,1,3,5,2,6
12175	8	0,2,4,1,6,7,3,5	0,4,5,2,6,3,1,7
12177	8	0,2,4,1,6,7,3,5	0,4,5,2,6,3,1,7
12179	5	0,2,4,5,7	0,4,7,2,5
12180	8	0,2,4,1,6,3,7,5	0,4,7,1,3,5,2,6
12181	5	0,2,4,5,7	0,4,7,2,5
12182	8	0,2,4,1,6,7,3,5	0,4,5,2,6,3,1,7
12183	5	0,2,4,5,7	0,4,7,2,5
12184	8	0,2,4,1,6,3,7,5	0,4,7,1,3,5,2,6
12185	5	0,2,4,5,7	0,4,7,2,5
12186	5	0,2,4,5,7	0,4,7,2,5
12187	5	0,2,4,6,7	0,4,7,2,6
12188	6	0,4,2,5,7,6	0,5,4,6,2,7
12189	5	0,2,4,5,7	0,4,7,2,5
12190	5	0,2,4,5,7	0,4,7,2,5
12191	6	0,2,4,5,6,7	0,5,2,7,4,6
12192	5	0,2,4,5,7	0,4,7,2,5
12193	5	0,4,5,6,7	0,5,7,4,6
12194	6	0,2,4,6,7,5	0,4,7,2,5,6
12195	5	0,2,4,5,7	0,4,7,2,5
12196	5	0,2,4,5,6	0,4,6,2,5
12197	5	0,2,4,5,7	0,4,7,2,5
12198	6	0,4,1,5,7,6	0,5,4,6,1,7
12199	5	0,2,4,5,7	0,4,7,2,5
12200	6	0,4,1,5,7,6	0,5,4,6,1,7
12201	5	0,2,4,5,7	0,4,7,2,5
12202	5	0,2,4,5,7	0,4,7,2,5
12203	5	0,2,4,5,6	0,4,6,2,5
12204	7	0,2,4,1,5,3,6	0,4,3,1,6,2,5
12205	7	0,2,4,1,5,3,6	0,4,3,1,6,2,5
12206	5	0,2,4,6,7	0,4,7,2,6
12207	5	0,2,4,6,7	0,4,7,2,6
12208	6	0,4,1,6,5,7	0,5,1,7,4,6
12209	5	0,2,4,6,7	0,4,7,2,6
12210	5	0,2,4,5,6	0,4,6,2,5
12211	7	0,2,5,1,6,3,7	0,5,3,1,7,2,6
12212	7	0,2,5,1,6,3,7	0,5,3,1,7,2,6
12213	6	0,3,1,5,7,6	0,5,3,6,1,7
12214	6	0,3,1,5,7,6	0,5,3,6,1,7
12215	6	0,3,1,5,7,6	0,5,3,6,1,7
12218	7	0,2,5,1,6,3,7	0,5,3,1,7,2,6
12219	6	0,3,1,5,7,6	0,5,3,6,1,7
12220	6	0,3,1,5,7,6	0,5,3,6,1,7
12221	6	0,3,1,5,7,6	0,5,3,6,1,7
12222	6	0,3,1,5,7,6	0,5,3,6,1,7
12223	8	0,2,4,6,1,5,3,7	0,5,2,7,4,1,3,6
12224	8	0,2,4,1,6,3,5,7	0,3,1,5,2,7,4,6
12225	8	0,2,4,1,5,7,3,6	0,3,1,6,4,7,2,5
12226	6	0,3,1,5,7,6	0,5,3,6,1,7
12227	6	0,3,1,5,7,6	0,5,3,6,1,7
12228	8	0,2,4,1,5,7,3,6	0,3,1,6,4,7,2,5
12229	6	0,3,1,5,7,6	0,5,3,6,1,7
12230	6	0,3,1,5,7,6	0,5,3,6,1,7
12231	6	0,3,1,5,7,6	0,5,3,6,1,7
12232	7	0,2,5,1,6,3,7	0,5,3,1,7,2,6
12233	7	0,2,5,1,6,3,7	0,5,3,1,7,2,6
12234	7	0,2,5,3,6,1,7	0,3,1,5,7,2,6
12235	7	0,2,5,1,6,3,7	0,5,3,1,7,2,6
12236	7	0,2,5,1,6,3,7	0,5,3,1,7,2,6
12237	6	0,3,1,5,7,6	0,5,3,6,1,7
12238	6	0,3,1,6,5,7	0,5,1,7,3,6
12239	5	0,2,5,6,7	0,5,7,2,6
12240	5	0,2,5,6,7	0,5,7,2,6
12241	5	0,3,5,6,7	0,5,7,3,6
12242	5	0,2,5,6,7	0,5,7,2,6
12243	6	1,4,2,6,5,7	1,5,2,7,4,6
12244	5	0,2,5,6,7	0,5,7,2,6
12245	5	0,2,5,6,7	0,5,7,2,6
12246	6	0,3,1,6,5,7	0,5,1,7,3,6
12247	6	0,3,1,5,7,6	0,5,3,6,1,7
12248	5	0,3,5,6,7	0,5,7,3,6
12249	5	0,2,5,6,7	0,5,7,2,6
12250	7	0,2,5,1,6,3,7	0,5,3,1,7,2,6
12251	6	0,3,1,5,7,6	0,5,3,6,1,7
12252	6	0,3,1,5,7,6	0,5,3,6,1,7
12253	5	0,2,5,6,7	0,5,7,2,6
12254	6	0,3,1,6,4,7	0,4,1,7,3,6
12255	7	0,2,4,1,6,3,7	0,3,1,7,2,6,4
12256	6	0,3,1,6,4,7	0,4,1,7,3,6
12257	6	0,3,1,6,4,7	0,4,1,7,3,6
12258	5	0,2,4,6,7	0,4,7,2,6
12259	7	0,2,4,1,6,3,7	0,3,1,7,2,6,4
12260	5	0,2,4,6,7	0,4,7,2,6
12261	6	0,3,1,6,4,7	0,4,1,7,3,6
12262	5	0,2,4,6,7	0,4,7,2,6
12263	6	0,3,1,6,4,7	0,4,1,7,3,6
12264	5	0,2,4,6,7	0,4,7,2,6
12265	7	0,2,4,1,6,3,5	0,3,1,5,2,6,4
12266	7	0,2,4,1,6,3,5	0,3,1,5,2,6,4
12267	7	0,2,4,1,6,3,5	0,3,1,5,2,6,4
12268	7	0,2,4,1,6,3,5	0,3,1,5,2,6,4
12269	7	0,2,4,1,6,3,5	0,3,1,5,2,6,4
12270	7	0,2,4,1,6,3,5	0,3,1,5,2,6,4
12271	6	0,3,1,6,4,7	0,4,1,7,3,6
12272	6	0,3,1,5,7,6	0,5,3,6,1,7
12273	5	0,2,4,6,7	0,4,7,2,6
12274	5	0,2,4,6,7	0,4,7,2,6
12275	5	0,2,4,6,7	0,4,7,2,6
12276	6	0,3,1,5,6,7	0,5,3,7,1,6
12277	5	0,2,4,6,7	0,4,7,2,6
12278	5	0,2,4,6,7	0,4,7,2,6
12279	6	0,3,1,5,4,6	0,4,1,6,3,5
12280	5	0,2,4,6,7	0,4,7,2,6
12281	6	0,3,1,5,4,6	0,4,1,6,3,5
12282	5	0,2,4,6,7	0,4,7,2,6
12283	5	0,3,5,6,7	0,5,7,3,6
12284	5	0,3,5,6,7	0,5,7,3,6
12285	5	0,2,4,6,7	0,4,7,2,6
12286	5	0,2,4,5,7	0,4,7,2,5
12287	6	0,3,1,5,4,6	0,4,1,6,3,5
12288	6	0,3,1,5,4,6	0,4,1,6,3,5
12289	5	0,2,4,5,7	0,4,7,2,5
12290	5	0,2,4,5,6	0,4,6,2,5
12291	6	0,3,1,4,7,5	0,4,3,5,1,7
12292	5	0,2,4,6,7	0,4,7,2,6
12293	5	0,2,4,6,7	0,4,7,2,6
12294	5	0,2,4,6,7	0,4,7,2,6
12295	5	0,2,4,5,6	0,4,6,2,5
12296	5	0,2,3,5,7	0,3,7,2,5
12297	5	0,2,3,6,7	0,3,7,2,6
12298	5	0,2,3,5,7	0,3,7,2,5
12299	5	0,2,4,6,7	0,4,7,2,6
12300	5	0,2,3,5,7	0,3,7,2,5
12301	5	0,2,3,5,6	0,3,6,2,5
12302	5	0,2,3,5,6	0,3,6,2,5
12303	5	0,2,4,6,7	0,4,7,2,6
12304	5	0,2,3,5,7	0,3,7,2,5
12305	5	0,2,3,5,6	0,3,6,2,5
12306	5	0,2,4,5,6	0,4,6,2,5
12307	5	0,2,3,5,7	0,3,7,2,5
12308	5	0,2,3,5,7	0,3,7,2,5
12309	5	0,2,4,5,7	0,4,7,2,5
12310	5	0,2,3,5,7	0,3,7,2,5
12311	5	0,2,3,5,6	0,3,6,2,5
12312	5	0,2,3,4,6	0,3,6,2,4
12313	5	0,2,3,4,6	0,3,6,2,4
12314	5	0,2,3,4,6	0,3,6,2,4
12315	5	0,2,3,4,6	0,3,6,2,4
12316	5	0,2,3,5,6	0,3,6,2,5
12317	5	0,2,3,5,6	0,3,6,2,5
12318	5	0,2,3,4,6	0,3,6,2,4
12319	5	0,2,3,4,5	0,3,5,2,4
12320	5	0,2,3,4,5	0,3,5,2,4
12321	5	0,2,3,4,5	0,3,5,2,4
12322	5	0,2,3,4,5	0,3,5,2,4
12323	5	0,2,3,4,5	0,3,5,2,4
12324	5	0,2,3,4,5	0,3,5,2,4
12325	5	0,2,3,4,5	0,3,5,2,4
12326	5	0,2,3,4,5	0,3,5,2,4
12327	5	0,2,3,4,5	0,3,5,2,4
12328	5	0,2,3,4,5	0,3,5,2,4
12329	5	0,2,4,5,6	0,4,6,2,5
12330	5	0,2,4,5,6	0,4,6,2,5
12331	5	0,2,4,5,6	0,4,6,2,5
12332	5	0,2,4,5,6	0,4,6,2,5
12333	5	0,2,4,5,6	0,4,6,2,5
12334	5	0,2,4,5,6	0,4,6,2,5
12335	5	0,2,4,5,6	0,4,6,2,5
12336	5	0,2,4,5,6	0,4,6,2,5
12337	5	0,2,4,5,6	0,4,6,2,5
12338	6	0,2,1,4,3,5	0,3,1,5,2,4
12339	5	0,2,4,6,7	0,4,7,2,6
12340	5	0,2,4,6,7	0,4,7,2,6
12341	5	0,2,4,6,7	0,4,7,2,6
12342	6	0,2,1,4,3,5	0,3,1,5,2,4
12343	5	0,2,4,6,7	0,4,7,2,6
12344	5	0,2,4,5,6	0,4,6,2,5
12345	5	0,2,3,4,5	0,3,5,2,4
12346	5	0,1,2,3,4	0,2,4,1,3
