1	8	0,6,1,7,2,8,3,9	0,7,3,6,2,9,1,8
2	7	0,6,1,7,9,2,8	0,7,2,6,8,1,9
3	8	0,4,7,1,8,2,9,5	0,7,2,5,1,9,4,8
4	7	0,5,1,6,2,7,9	0,6,5,2,9,1,7
5	7	0,5,1,6,2,7,9	0,6,5,2,9,1,7
6	8	0,4,7,1,8,3,9,6	0,7,3,6,1,9,4,8
7	8	0,4,7,1,8,2,9,5	0,7,2,5,1,9,4,8
8	7	0,5,1,6,2,7,9	0,6,5,2,9,1,7
9	8	0,5,2,6,1,7,9,8	0,6,5,9,1,8,2,7
10	8	0,4,7,1,8,2,9,5	0,7,2,5,1,9,4,8
11	8	0,4,7,1,8,3,9,6	0,7,3,6,1,9,4,8
12	8	0,4,7,1,8,2,9,6	0,7,2,6,1,9,4,8
13	8	0,5,1,6,2,7,9,8	0,6,9,5,2,8,1,7
14	8	0,4,7,1,8,3,9,6	0,7,3,6,1,9,4,8
15	7	0,4,7,1,9,5,8	0,5,1,8,4,9,7
16	8	0,4,7,1,8,2,9,6	0,7,2,6,1,9,4,8
17	7	1,6,2,7,9,3,8	1,7,3,6,8,2,9
18	7	0,5,1,6,2,7,8	0,6,5,2,8,1,7
19	8	0,4,7,1,8,3,9,6	0,7,3,6,1,9,4,8
20	9	0,5,1,6,2,8,3,7,9	0,6,3,9,2,5,7,1,8
21	6	0,5,1,6,9,7	0,6,5,7,1,9
22	9	0,5,1,6,2,8,3,7,9	0,6,3,9,2,5,7,1,8
23	8	0,4,7,1,8,3,9,6	0,7,3,6,1,9,4,8
24	7	0,5,1,6,2,8,9	0,6,5,2,9,1,8
25	7	0,5,1,6,2,8,9	0,6,5,2,9,1,8
26	8	0,5,1,6,9,8,3,7	0,6,3,9,5,7,1,8
27	7	0,4,7,1,8,9,5	0,7,5,1,9,4,8
28	7	0,5,1,6,2,8,9	0,6,5,2,9,1,8
29	8	0,6,1,5,2,8,9,7	0,8,1,7,5,6,2,9
30	7	0,4,7,1,8,9,5	0,7,5,1,9,4,8
31	8	0,5,1,6,2,8,9,7	0,6,9,2,5,7,1,8
32	8	0,4,7,1,8,3,9,6	0,7,3,6,1,9,4,8
33	8	0,5,1,6,2,8,9,7	0,6,9,2,5,7,1,8
34	6	0,4,1,6,9,7	0,6,4,7,1,9
35	6	0,4,1,6,9,7	0,6,4,7,1,9
36	6	0,4,1,6,9,7	0,6,4,7,1,9
37	6	0,4,1,6,9,7	0,6,4,7,1,9
38	6	0,4,1,6,9,8	0,6,4,8,1,9
39	6	0,4,1,6,9,7	0,6,4,7,1,9
40	7	0,6,1,4,7,9,8	0,7,1,8,4,6,9
41	6	0,4,1,6,9,7	0,6,4,7,1,9
42	6	0,4,1,6,8,9	0,6,4,9,1,8
43	6	0,4,1,6,8,9	0,6,4,9,1,8
44	6	0,4,1,6,9,7	0,6,4,7,1,9
45	7	0,4,1,6,8,9,7	0,6,9,4,7,1,8
46	6	0,4,1,6,9,7	0,6,4,7,1,9
47	5	0,4,6,8,9	0,6,9,4,8
48	7	0,6,1,4,8,9,7	0,8,6,4,7,1,9
49	6	0,4,1,6,9,7	0,6,4,7,1,9
50	7	0,4,1,6,8,9,7	0,6,9,1,7,4,8
51	6	0,4,1,6,9,7	0,6,4,7,1,9
52	7	0,4,1,6,9,8,7	0,8,6,4,7,1,9
53	6	0,4,1,6,9,7	0,6,4,7,1,9
54	6	0,4,6,8,9,7	0,6,9,4,7,8
55	6	0,4,1,6,9,7	0,6,4,7,1,9
56	7	0,4,1,6,9,8,7	0,6,8,4,7,1,9
57	6	0,4,1,6,9,7	0,6,4,7,1,9
58	6	0,4,1,8,6,9	0,6,1,9,4,8
59	7	0,6,1,7,9,4,8	0,7,4,6,8,1,9
60	6	0,4,1,6,9,7	0,6,4,7,1,9
61	6	0,4,1,6,8,7	0,6,4,7,1,8
62	7	0,6,1,7,8,4,9	0,7,4,1,9,6,8
63	6	0,4,1,6,9,7	0,6,4,7,1,9
64	7	0,4,1,6,9,7,8	0,6,8,4,9,1,7
65	8	0,4,1,6,2,8,9,7	0,6,4,7,2,9,1,8
66	6	0,4,1,6,9,8	0,6,4,8,1,9
67	9	0,4,6,2,7,3,8,5,9	0,6,9,3,5,2,8,4,7
68	6	0,4,1,6,8,9	0,6,4,9,1,8
69	9	0,4,6,2,7,3,8,5,9	0,6,8,2,5,3,9,4,7
70	5	1,4,6,8,9	1,6,9,4,8
71	7	0,4,1,6,9,8,7	0,6,4,7,9,1,8
72	6	2,5,3,8,7,9	2,7,3,9,5,8
74	8	0,4,1,6,9,7,2,8	0,6,2,9,1,8,4,7
75	6	0,4,1,6,9,8	0,6,4,8,1,9
76	8	0,4,1,6,2,8,9,7	0,6,4,7,2,9,1,8
77	6	0,4,1,6,9,8	0,6,4,8,1,9
78	6	0,4,1,6,9,8	0,6,4,8,1,9
79	7	0,4,6,2,7,9,8	0,6,9,2,8,4,7
80	8	0,4,1,6,8,2,7,9	0,7,4,6,2,9,1,8
81	6	0,4,1,6,8,9	0,6,4,9,1,8
82	6	0,4,1,6,8,9	0,6,4,9,1,8
83	8	0,4,1,6,2,8,9,7	0,6,4,7,2,9,1,8
84	6	0,4,1,6,8,9	0,6,4,9,1,8
85	7	0,4,6,2,7,9,8	0,6,8,2,9,4,7
86	6	0,4,1,8,6,9	0,6,1,9,4,8
87	5	0,4,6,8,9	0,6,9,4,8
88	6	0,4,1,6,8,9	0,6,4,9,1,8
89	6	0,4,1,6,9,8	0,6,4,8,1,9
90	5	1,4,6,8,9	1,6,9,4,8
91	8	0,4,1,6,8,2,7,9	0,6,2,9,1,8,4,7
92	5	1,4,6,8,9	1,6,9,4,8
93	7	0,4,6,2,8,9,7	0,6,8,4,7,2,9
94	7	0,4,6,2,8,9,7	0,6,8,4,7,2,9
95	5	1,4,6,8,9	1,6,9,4,8
96	6	2,5,3,8,7,9	2,7,3,9,5,8
97	7	0,4,6,2,9,8,7	0,6,9,4,7,2,8
98	6	2,5,3,8,7,9	2,7,3,9,5,8
99	6	2,5,3,8,7,9	2,7,3,9,5,8
100	7	0,4,1,6,9,8,7	0,6,4,7,9,1,8
101	6	2,5,3,8,7,9	2,7,3,9,5,8
102	7	0,6,1,4,8,7,9	0,7,4,6,9,1,8
103	6	0,4,1,6,9,8	0,6,4,8,1,9
104	5	0,4,7,8,9	0,7,9,4,8
105	6	0,4,1,6,9,8	0,6,4,8,1,9
106	7	0,4,1,6,9,8,7	0,6,4,7,9,1,8
107	6	2,5,3,8,7,9	2,7,3,9,5,8
108	7	0,4,6,2,7,8,9	0,6,9,2,8,4,7
109	6	2,5,3,8,7,9	2,7,3,9,5,8
110	6	2,5,3,8,7,9	2,7,3,9,5,8
111	9	0,4,6,2,7,3,8,5,9	0,6,9,3,5,2,8,4,7
112	7	0,4,1,6,8,7,9	0,7,4,6,9,1,8
113	6	0,4,1,6,8,9	0,6,4,9,1,8
114	6	0,4,1,6,8,9	0,6,4,9,1,8
115	7	0,4,1,6,8,7,9	0,7,4,6,9,1,8
116	6	0,4,6,8,9,7	0,6,9,4,7,8
117	6	2,5,3,8,7,9	2,7,3,9,5,8
118	7	0,4,6,2,7,8,9	0,6,8,2,9,4,7
119	6	2,5,3,8,7,9	2,7,3,9,5,8
120	6	2,5,3,8,7,9	2,7,3,9,5,8
121	7	0,4,1,6,8,9,7	0,6,4,7,8,1,9
122	7	0,4,1,6,8,7,9	0,6,9,1,8,4,7
123	5	1,4,6,8,9	1,6,9,4,8
124	7	0,4,1,6,8,9,7	0,6,4,7,8,1,9
125	6	0,4,6,8,7,9	0,6,9,8,4,7
126	6	0,4,1,8,6,9	0,6,1,9,4,8
127	7	0,6,2,7,9,4,8	0,7,4,6,8,2,9
128	7	0,4,6,8,2,9,7	0,8,4,7,2,6,9
129	6	2,5,3,8,7,9	2,7,3,9,5,8
130	6	2,5,3,8,7,9	2,7,3,9,5,8
131	6	2,5,3,8,7,9	2,7,3,9,5,8
132	6	0,4,1,8,6,9	0,6,1,9,4,8
133	7	0,6,1,4,9,7,8	0,7,4,6,8,1,9
134	7	0,4,1,6,8,7,9	0,6,9,1,8,4,7
135	7	0,4,1,6,9,7,8	0,6,8,1,9,4,7
136	7	0,4,7,2,8,6,9	0,6,2,9,4,8,7
137	6	2,5,3,8,7,9	2,7,3,9,5,8
138	6	2,5,3,8,7,9	2,7,3,9,5,8
139	6	0,4,1,6,9,8	0,6,4,8,1,9
140	9	0,4,1,6,2,8,5,9,7	0,6,4,9,2,5,7,1,8
141	9	0,4,1,6,2,9,7,5,8	0,6,4,8,2,5,9,1,7
142	6	0,4,1,6,8,9	0,6,4,9,1,8
143	7	0,4,1,6,9,7,8	0,6,4,9,8,1,7
144	5	3,5,7,8,9	3,7,9,5,8
145	9	0,4,1,6,2,8,5,9,7	0,6,4,8,1,7,5,2,9
146	6	0,4,1,6,9,8	0,6,4,8,1,9
147	9	0,4,1,6,2,8,5,9,7	0,6,4,8,1,7,5,2,9
148	6	0,4,1,6,9,8	0,6,4,8,1,9
149	6	0,4,1,6,9,8	0,6,4,8,1,9
150	9	0,4,1,6,2,8,5,9,7	0,6,4,8,1,7,5,2,9
151	6	0,4,1,8,6,9	0,6,1,9,4,8
152	5	0,4,6,8,9	0,6,9,4,8
153	6	0,4,1,6,8,9	0,6,4,9,1,8
154	6	0,4,1,6,9,8	0,6,4,8,1,9
155	5	0,4,6,8,9	0,6,9,4,8
156	9	0,4,1,6,2,8,5,9,7	0,6,4,9,2,5,7,1,8
157	6	0,4,1,6,8,9	0,6,4,9,1,8
158	6	0,4,1,6,8,9	0,6,4,9,1,8
159	6	0,4,1,6,8,9	0,6,4,9,1,8
160	9	0,4,1,6,2,8,5,9,7	0,6,4,9,2,5,7,1,8
161	9	0,4,1,6,2,9,7,5,8	0,6,4,8,2,5,9,1,7
162	5	0,4,6,8,9	0,6,9,4,8
163	9	0,4,1,6,2,9,7,5,8	0,6,4,8,2,5,9,1,7
164	5	0,4,6,8,9	0,6,9,4,8
165	9	0,4,1,6,2,9,7,5,8	0,6,4,8,2,5,9,1,7
166	9	0,4,1,6,2,9,7,5,8	0,6,4,8,2,5,9,1,7
167	6	0,4,1,8,7,9	0,7,1,9,4,8
168	6	0,4,1,6,9,8	0,6,4,8,1,9
169	6	0,4,1,8,7,9	0,7,1,9,4,8
170	6	0,4,1,6,9,8	0,6,4,8,1,9
171	7	0,4,1,6,9,7,8	0,6,4,9,8,1,7
172	9	0,4,1,6,2,8,5,9,7	0,6,4,9,2,5,7,1,8
173	9	0,4,1,6,2,8,7,5,9	0,6,4,9,2,5,8,1,7
174	5	3,5,7,8,9	3,7,9,5,8
175	7	0,4,1,6,9,7,8	0,6,4,9,8,1,7
176	5	3,5,7,8,9	3,7,9,5,8
177	9	0,4,1,6,2,8,7,5,9	0,6,4,8,5,2,9,1,7
178	9	0,4,1,6,2,8,7,5,9	0,6,4,8,5,2,9,1,7
179	5	3,5,7,8,9	3,7,9,5,8
180	7	0,4,1,6,9,7,8	0,6,4,8,9,1,7
181	5	3,5,7,8,9	3,7,9,5,8
182	5	3,5,7,8,9	3,7,9,5,8
183	6	0,6,1,8,7,9	0,7,1,9,6,8
184	6	0,4,1,6,8,9	0,6,4,9,1,8
185	6	0,4,1,6,8,9	0,6,4,9,1,8
186	7	0,4,1,6,8,7,9	0,6,4,9,8,1,7
187	7	0,4,1,6,8,7,9	0,7,1,9,6,4,8
188	5	0,4,6,8,9	0,6,9,4,8
189	7	0,4,1,6,8,7,9	0,6,4,8,9,1,7
190	7	0,4,1,6,8,7,9	0,6,4,8,9,1,7
191	7	0,4,1,6,8,9,7	0,6,4,9,1,7,8
192	9	0,4,1,6,2,9,5,8,7	0,6,4,9,1,7,5,2,8
193	9	0,4,1,6,2,9,5,8,7	0,6,4,9,1,7,5,2,8
194	5	3,5,7,8,9	3,7,9,5,8
195	7	0,4,1,6,8,9,7	0,6,4,9,1,7,8
196	5	3,5,7,8,9	3,7,9,5,8
197	9	0,4,1,6,2,8,7,5,9	0,6,4,8,5,2,9,1,7
198	9	0,4,1,6,2,8,7,5,9	0,6,4,8,5,2,9,1,7
199	5	3,5,7,8,9	3,7,9,5,8
200	7	0,4,1,6,8,7,9	0,6,4,8,9,1,7
201	5	3,5,7,8,9	3,7,9,5,8
202	6	0,4,1,8,6,9	0,6,1,9,4,8
203	9	0,4,1,6,2,8,5,9,7	0,6,4,8,1,7,5,2,9
204	6	0,4,1,8,7,9	0,7,1,9,4,8
205	6	0,4,1,8,6,9	0,6,1,9,4,8
206	6	0,4,1,8,7,9	0,7,1,9,4,8
207	6	0,6,1,8,7,9	0,7,1,9,6,8
208	9	0,4,1,6,2,8,7,5,9	0,6,4,9,2,5,8,1,7
209	9	0,4,1,6,2,8,5,9,7	0,6,4,9,2,5,7,1,8
210	9	0,4,1,6,2,8,7,5,9	0,6,4,8,5,2,9,1,7
211	7	0,6,1,4,8,7,9	0,7,1,9,4,6,8
212	7	0,4,1,6,8,7,9	0,7,1,9,6,4,8
213	7	0,4,1,6,8,7,9	0,7,1,9,6,4,8
214	7	0,4,1,6,9,7,8	0,6,8,4,9,1,7
215	6	0,4,1,6,9,8	0,6,4,8,1,9
216	6	0,4,1,6,9,8	0,6,4,8,1,9
217	5	0,4,6,8,9	0,6,9,4,8
218	8	0,4,6,2,7,9,5,8	0,6,9,4,8,2,5,7
219	6	0,4,1,6,9,8	0,6,4,8,1,9
220	6	0,4,1,6,9,8	0,6,4,8,1,9
221	6	0,4,1,6,9,8	0,6,4,8,1,9
222	6	0,4,1,8,6,9	0,6,1,9,4,8
223	5	0,4,6,8,9	0,6,9,4,8
224	6	0,4,1,6,8,9	0,6,4,9,1,8
225	6	0,4,1,6,9,8	0,6,4,8,1,9
226	5	0,4,6,8,9	0,6,9,4,8
227	5	1,4,6,8,9	1,6,9,4,8
228	7	0,6,2,7,9,5,8	0,7,5,2,8,6,9
229	6	0,4,1,6,8,9	0,6,4,9,1,8
230	6	0,4,1,6,8,9	0,6,4,9,1,8
231	6	0,4,1,6,8,9	0,6,4,9,1,8
232	6	0,4,1,6,8,9	0,6,4,9,1,8
233	6	2,5,3,7,9,8	2,7,5,8,3,9
234	6	0,4,1,8,6,9	0,6,1,9,4,8
235	5	0,4,6,8,9	0,6,9,4,8
236	6	0,4,1,6,8,9	0,6,4,9,1,8
237	5	0,4,6,8,9	0,6,9,4,8
238	6	0,4,1,6,9,8	0,6,4,8,1,9
239	5	1,4,6,8,9	1,6,9,4,8
240	8	0,4,6,2,8,5,7,9	0,6,8,4,9,5,2,7
241	5	1,4,6,8,9	1,6,9,4,8
242	6	2,5,3,7,9,8	2,7,5,8,3,9
243	5	1,4,6,8,9	1,6,9,4,8
244	6	2,5,3,7,9,8	2,7,5,8,3,9
245	5	1,4,6,8,9	1,6,9,4,8
246	6	0,6,2,8,7,9	0,7,2,9,6,8
247	6	0,4,1,6,8,9	0,6,4,9,1,8
248	6	0,4,1,6,8,9	0,6,4,9,1,8
249	6	0,4,1,8,6,9	0,6,1,9,4,8
250	5	0,4,6,8,9	0,6,9,4,8
251	6	0,4,1,6,8,9	0,6,4,9,1,8
252	6	0,4,1,6,9,8	0,6,4,8,1,9
253	5	1,4,6,8,9	1,6,9,4,8
254	7	0,4,6,2,8,7,9	0,6,8,4,9,2,7
255	5	1,4,6,8,9	1,6,9,4,8
256	6	2,5,3,7,8,9	2,7,5,9,3,8
257	6	2,5,3,7,8,9	2,7,5,9,3,8
258	5	1,4,6,8,9	1,6,9,4,8
259	8	0,4,6,2,7,8,5,9	0,6,8,4,9,2,5,7
260	5	1,4,6,8,9	1,6,9,4,8
261	5	1,4,6,8,9	1,6,9,4,8
262	6	0,4,1,8,6,9	0,6,1,9,4,8
263	8	0,4,6,2,7,9,5,8	0,6,8,4,9,2,5,7
264	6	0,4,1,8,6,9	0,6,1,9,4,8
265	7	0,4,6,2,8,7,9	0,6,8,4,9,2,7
266	6	0,6,2,8,7,9	0,7,2,9,6,8
267	6	0,4,1,8,6,9	0,6,1,9,4,8
268	8	0,4,6,2,7,8,5,9	0,6,8,4,9,2,5,7
269	6	0,4,1,8,6,9	0,6,1,9,4,8
270	7	0,6,2,7,8,5,9	0,7,5,2,9,6,8
271	8	0,4,6,2,7,9,5,8	0,6,8,4,9,2,5,7
272	6	2,5,3,7,9,8	2,7,5,8,3,9
273	6	0,4,1,6,8,9	0,6,4,9,1,8
274	5	0,4,6,8,9	0,6,9,4,8
275	6	0,4,1,6,8,9	0,6,4,9,1,8
276	6	2,5,3,7,8,9	2,7,5,9,3,8
277	5	3,5,7,8,9	3,7,9,5,8
278	8	0,4,6,2,8,5,7,9	0,6,9,5,2,7,4,8
279	6	0,4,1,6,9,8	0,6,4,8,1,9
280	6	2,5,3,7,9,8	2,7,5,8,3,9
281	6	0,4,1,6,9,8	0,6,4,8,1,9
282	6	0,4,1,6,9,8	0,6,4,8,1,9
283	6	0,4,1,6,9,8	0,6,4,8,1,9
284	6	0,4,1,8,6,9	0,6,1,9,4,8
285	5	0,4,6,8,9	0,6,9,4,8
286	6	0,4,1,6,8,9	0,6,4,9,1,8
287	6	0,4,1,6,9,8	0,6,4,8,1,9
288	5	0,4,6,8,9	0,6,9,4,8
289	8	0,4,6,2,7,9,5,8	0,6,8,2,5,7,4,9
290	6	0,4,1,6,8,9	0,6,4,9,1,8
291	6	0,4,1,6,8,9	0,6,4,9,1,8
292	6	0,4,1,6,8,9	0,6,4,9,1,8
293	6	2,5,3,7,9,8	2,7,5,8,3,9
294	6	0,4,1,6,8,9	0,6,4,9,1,8
295	6	0,4,1,8,6,9	0,6,1,9,4,8
296	5	0,4,6,8,9	0,6,9,4,8
297	6	0,4,1,6,8,9	0,6,4,9,1,8
298	5	0,4,6,8,9	0,6,9,4,8
299	6	0,4,1,6,9,8	0,6,4,8,1,9
300	7	0,4,6,2,8,7,9	0,6,9,2,7,4,8
301	6	0,4,1,6,9,8	0,6,4,8,1,9
302	6	2,5,3,7,8,9	2,7,5,9,3,8
303	6	0,4,1,6,9,8	0,6,4,8,1,9
304	6	0,4,1,6,9,8	0,6,4,8,1,9
305	6	2,5,3,8,7,9	2,7,3,9,5,8
306	6	2,5,3,7,8,9	2,7,5,9,3,8
307	5	2,5,7,8,9	2,7,9,5,8
308	6	2,5,3,7,9,8	2,7,5,8,3,9
309	5	2,5,7,8,9	2,7,9,5,8
310	5	3,5,7,8,9	3,7,9,5,8
311	8	0,4,6,2,7,8,5,9	0,6,9,2,5,7,4,8
312	6	0,4,1,6,9,8	0,6,4,8,1,9
313	5	3,5,7,8,9	3,7,9,5,8
314	6	0,4,1,6,9,8	0,6,4,8,1,9
315	5	3,5,7,8,9	3,7,9,5,8
316	7	0,4,6,2,9,7,8	0,6,8,2,7,4,9
317	6	0,4,1,6,8,9	0,6,4,9,1,8
318	6	0,4,1,6,8,9	0,6,4,9,1,8
319	6	2,5,3,7,8,9	2,7,5,9,3,8
320	6	0,4,1,6,8,9	0,6,4,9,1,8
321	6	0,4,1,8,6,9	0,6,1,9,4,8
322	5	0,4,6,8,9	0,6,9,4,8
323	6	0,4,1,6,8,9	0,6,4,9,1,8
324	6	0,4,1,6,9,8	0,6,4,8,1,9
325	8	0,4,6,2,9,5,7,8	0,6,8,5,2,7,4,9
326	6	0,4,1,6,8,9	0,6,4,9,1,8
327	5	3,5,7,8,9	3,7,9,5,8
328	6	0,4,1,6,8,9	0,6,4,9,1,8
329	5	3,5,7,8,9	3,7,9,5,8
330	6	0,4,1,8,6,9	0,6,1,9,4,8
331	8	0,4,6,2,7,9,5,8	0,6,8,2,5,7,4,9
332	8	0,4,6,2,7,9,5,8	0,6,8,4,7,5,2,9
333	6	2,5,3,8,7,9	2,7,3,9,5,8
334	6	2,5,3,8,7,9	2,7,3,9,5,8
335	6	0,4,1,8,6,9	0,6,1,9,4,8
336	7	0,4,6,2,9,7,8	0,6,8,2,7,4,9
337	7	0,4,6,2,8,7,9	0,6,9,2,7,4,8
338	6	0,4,1,8,6,9	0,6,1,9,4,8
339	6	2,5,3,8,7,9	2,7,3,9,5,8
340	6	0,4,1,8,6,9	0,6,1,9,4,8
341	8	0,4,6,2,7,9,5,8	0,6,8,4,7,5,2,9
342	8	0,4,6,2,7,8,5,9	0,6,9,2,5,7,4,8
343	6	0,4,1,6,9,7	0,6,4,7,1,9
344	8	0,4,1,6,9,8,2,7	0,6,2,9,4,7,1,8
345	8	0,4,1,6,2,7,9,8	0,6,4,7,1,8,2,9
346	6	0,4,1,6,9,7	0,6,4,7,1,9
347	6	0,4,1,6,9,7	0,6,4,7,1,9
348	8	0,4,1,6,2,7,9,8	0,6,4,7,1,8,2,9
349	6	0,4,1,6,9,7	0,6,4,7,1,9
350	6	0,4,1,6,9,8	0,6,4,8,1,9
351	6	0,4,1,7,9,8	0,7,4,8,1,9
352	6	0,4,1,6,9,7	0,6,4,7,1,9
353	7	0,6,1,4,7,9,8	0,7,1,8,4,6,9
354	6	0,4,1,6,9,7	0,6,4,7,1,9
355	8	0,4,1,6,9,8,2,7	0,6,2,9,1,7,4,8
356	8	0,4,1,6,2,7,9,8	0,6,4,8,2,9,1,7
357	6	0,4,1,6,9,7	0,6,4,7,1,9
358	6	0,4,1,6,9,7	0,6,4,7,1,9
359	7	0,4,6,2,7,9,8	0,6,9,2,8,4,7
360	8	0,4,6,9,1,7,2,8	0,7,4,8,1,6,2,9
361	8	0,4,6,1,7,9,2,8	0,6,2,7,4,8,1,9
362	6	0,4,1,6,9,7	0,6,4,7,1,9
363	6	0,4,1,6,9,7	0,6,4,7,1,9
364	8	0,4,1,6,9,7,2,8	0,6,2,9,4,8,1,7
365	8	0,4,6,1,7,2,8,9	0,6,2,9,1,8,4,7
366	6	0,4,1,6,9,8	0,6,4,8,1,9
367	6	0,4,1,7,9,8	0,7,4,8,1,9
368	8	0,4,1,7,2,8,6,9	0,7,4,6,2,9,1,8
369	7	0,6,1,7,9,2,8	0,7,2,6,8,1,9
370	6	0,4,1,6,9,7	0,6,4,7,1,9
371	6	0,4,1,6,9,7	0,6,4,7,1,9
372	8	0,4,1,6,8,2,7,9	0,6,2,9,4,7,1,8
373	8	0,4,1,6,8,9,2,7	0,8,2,6,4,7,1,9
374	7	0,6,1,7,9,2,8	0,7,2,6,8,1,9
375	6	0,4,1,8,6,9	0,6,1,9,4,8
376	7	0,6,1,7,9,4,8	0,7,4,6,8,1,9
377	6	0,4,1,6,9,7	0,6,4,7,1,9
378	7	0,6,1,7,9,4,8	0,7,4,1,8,6,9
379	6	0,4,1,6,8,9	0,6,4,9,1,8
380	6	0,4,1,6,9,8	0,6,4,8,1,9
381	6	0,4,1,7,9,8	0,7,4,8,1,9
382	8	0,4,1,7,2,9,6,8	0,7,4,8,2,6,1,9
383	7	0,6,2,7,9,4,8	0,7,4,6,8,2,9
384	6	0,4,1,6,9,7	0,6,4,7,1,9
385	6	0,4,1,6,9,7	0,6,4,7,1,9
386	7	0,4,7,2,9,6,8	0,6,2,8,4,9,7
387	8	0,4,1,6,8,9,2,7	0,6,2,8,4,7,1,9
388	8	0,4,1,6,8,9,2,7	0,6,2,8,4,7,1,9
389	5	0,4,6,8,9	0,6,9,4,8
390	8	0,4,1,6,9,8,2,7	0,6,2,9,1,7,4,8
391	7	0,6,1,4,8,9,7	0,8,6,4,7,1,9
392	7	0,6,1,4,8,9,7	0,8,6,4,7,1,9
393	7	0,4,6,2,7,9,8	0,6,8,2,9,4,7
394	6	0,4,1,6,9,7	0,6,4,7,1,9
395	7	0,4,1,6,8,9,7	0,6,9,1,7,4,8
396	7	0,6,1,7,8,2,9	0,7,2,6,9,1,8
397	6	2,5,3,8,7,9	2,7,3,9,5,8
398	6	0,4,1,6,9,7	0,6,4,7,1,9
399	6	2,5,3,8,7,9	2,7,3,9,5,8
400	6	2,5,3,8,7,9	2,7,3,9,5,8
401	7	0,6,2,7,8,4,9	0,7,4,6,9,2,8
402	6	2,5,3,8,7,9	2,7,3,9,5,8
403	6	0,4,1,6,9,7	0,6,4,7,1,9
404	8	0,4,1,6,2,7,8,9	0,6,4,7,1,9,2,8
405	7	0,6,1,4,7,8,9	0,7,1,9,6,4,8
406	7	0,6,1,4,7,8,9	0,7,1,9,6,4,8
407	6	2,5,3,8,7,9	2,7,3,9,5,8
408	6	2,5,3,8,7,9	2,7,3,9,5,8
409	6	2,5,3,8,7,9	2,7,3,9,5,8
410	6	0,4,1,6,8,7	0,6,4,7,1,8
411	6	0,4,1,6,8,7	0,6,4,7,1,8
412	6	0,4,1,6,8,7	0,6,4,7,1,8
413	6	0,4,1,6,8,7	0,6,4,7,1,8
414	6	0,4,1,6,8,7	0,6,4,7,1,8
415	6	0,4,1,6,8,7	0,6,4,7,1,8
416	6	0,4,1,6,8,7	0,6,4,7,1,8
417	6	0,4,1,6,8,7	0,6,4,7,1,8
418	7	0,4,6,8,7,2,9	0,7,4,9,6,2,8
419	6	2,5,3,8,7,9	2,7,3,9,5,8
420	6	0,4,1,6,9,7	0,6,4,7,1,9
421	7	0,6,1,4,7,8,9	0,7,1,9,4,6,8
422	7	0,4,1,6,9,8,7	0,8,6,4,7,1,9
423	7	0,4,1,6,9,8,7	0,8,6,4,7,1,9
424	6	2,5,3,8,7,9	2,7,3,9,5,8
425	6	2,5,3,8,7,9	2,7,3,9,5,8
426	8	0,6,1,7,2,8,5,9	0,7,5,2,6,9,1,8
427	6	2,5,3,7,9,8	2,7,5,8,3,9
428	6	2,5,3,7,9,8	2,7,5,8,3,9
429	8	0,6,1,7,2,8,5,9	0,7,5,2,6,9,1,8
430	6	2,5,3,7,9,8	2,7,5,8,3,9
431	8	0,6,1,7,2,8,5,9	0,7,5,2,6,9,1,8
432	8	0,4,6,1,8,2,9,7	0,6,2,7,1,9,4,8
433	8	0,4,1,6,9,7,2,8	0,6,2,9,4,8,1,7
434	8	0,4,1,6,9,7,2,8	0,7,1,8,4,6,2,9
435	8	0,6,1,7,2,8,5,9	0,7,5,2,6,9,1,8
436	8	0,4,1,6,9,7,2,8	0,6,2,9,4,8,1,7
437	9	0,4,1,6,2,7,5,8,9	0,6,4,8,2,5,9,1,7
438	6	0,4,1,8,6,9	0,6,1,9,4,8
439	7	0,6,1,7,9,2,8	0,7,2,6,8,1,9
440	7	0,6,1,7,9,2,8	0,7,2,6,8,1,9
441	6	0,4,1,8,6,9	0,6,1,9,4,8
442	8	0,4,1,6,8,2,7,9	0,6,2,9,4,8,1,7
443	6	0,4,1,6,8,9	0,6,4,9,1,8
444	6	0,4,1,6,9,8	0,6,4,8,1,9
445	5	0,4,6,8,9	0,6,9,4,8
446	7	0,6,1,7,9,2,8	0,7,2,6,8,1,9
447	6	0,4,1,6,8,9	0,6,4,9,1,8
448	8	0,4,1,6,2,7,9,8	0,6,4,9,2,8,1,7
449	8	0,6,1,7,2,8,5,9	0,7,5,2,6,9,1,8
450	7	0,6,1,7,9,2,8	0,7,2,6,8,1,9
451	7	0,6,1,7,9,2,8	0,7,2,6,8,1,9
452	7	0,6,2,7,9,5,8	0,7,5,2,8,6,9
453	7	0,6,2,7,9,5,8	0,7,5,2,8,6,9
454	6	0,4,1,6,8,9	0,6,4,9,1,8
455	6	0,4,1,8,6,9	0,6,1,9,4,8
456	8	0,6,1,7,2,9,5,8	0,7,5,2,6,8,1,9
457	6	0,4,1,8,6,9	0,6,1,9,4,8
458	8	0,6,1,7,2,9,5,8	0,7,5,2,6,8,1,9
459	8	0,6,2,7,5,8,3,9	0,7,3,5,2,9,6,8
460	6	0,4,1,6,8,9	0,6,4,9,1,8
461	5	0,4,6,8,9	0,6,9,4,8
462	6	0,4,1,6,9,8	0,6,4,8,1,9
463	5	0,4,6,8,9	0,6,9,4,8
464	6	0,4,1,6,8,9	0,6,4,9,1,8
465	8	0,6,1,7,2,9,5,8	0,7,5,2,6,8,1,9
466	8	0,4,6,2,7,9,5,8	0,6,8,4,9,2,5,7
467	8	0,6,2,7,5,8,3,9	0,7,3,5,2,9,6,8
468	8	0,4,1,6,8,2,7,9	0,7,1,9,2,6,4,8
469	8	0,4,1,6,8,2,7,9	0,7,1,9,2,6,4,8
470	7	0,6,2,7,9,5,8	0,7,5,2,8,6,9
471	7	0,6,2,7,9,5,8	0,7,5,2,8,6,9
472	8	0,4,1,6,8,2,9,7	0,6,2,7,1,9,4,8
473	9	0,4,1,6,2,7,5,8,9	0,6,4,8,2,5,9,1,7
474	8	0,6,2,7,5,8,3,9	0,7,3,5,2,9,6,8
475	9	0,4,1,6,2,7,5,9,8	0,6,4,8,5,2,9,1,7
476	6	2,5,3,7,9,8	2,7,5,8,3,9
477	6	2,5,3,7,9,8	2,7,5,8,3,9
478	7	0,6,1,7,8,2,9	0,7,2,6,9,1,8
479	6	2,5,3,8,7,9	2,7,3,9,5,8
480	6	0,4,1,6,9,7	0,6,4,7,1,9
481	9	0,4,1,6,2,8,9,5,7	0,6,4,7,1,8,5,2,9
482	9	0,4,1,6,2,8,5,9,7	0,6,4,7,5,2,9,1,8
483	6	0,4,1,6,9,7	0,6,4,7,1,9
484	6	0,4,1,6,9,7	0,6,4,7,1,9
485	9	0,4,1,6,2,8,5,9,7	0,6,4,9,2,5,7,1,8
486	6	0,4,1,6,9,7	0,6,4,7,1,9
487	7	0,4,7,3,8,5,9	0,7,5,3,9,4,8
488	7	0,4,7,3,8,5,9	0,7,5,3,9,4,8
489	6	0,4,1,6,9,7	0,6,4,7,1,9
490	6	0,4,1,6,9,7	0,6,4,7,1,9
491	8	0,4,6,2,8,5,9,7	0,6,9,2,5,7,4,8
492	7	0,4,7,3,8,5,9	0,7,5,3,9,4,8
493	7	0,4,7,3,8,5,9	0,7,5,3,9,4,8
494	6	0,4,1,6,9,7	0,6,4,7,1,9
495	6	0,4,1,6,9,7	0,6,4,7,1,9
496	7	0,4,7,3,8,5,9	0,7,5,3,9,4,8
497	7	0,4,7,3,8,5,9	0,7,5,3,9,4,8
498	6	0,4,1,6,9,8	0,6,4,8,1,9
499	6	0,4,1,8,6,9	0,6,1,9,4,8
500	7	0,6,1,7,9,4,8	0,7,4,6,8,1,9
501	6	0,4,1,6,9,7	0,6,4,7,1,9
502	7	0,6,1,7,9,4,8	0,7,4,1,8,6,9
503	6	0,4,1,6,8,9	0,6,4,9,1,8
504	6	0,4,1,6,9,8	0,6,4,8,1,9
505	6	0,4,1,7,9,8	0,7,4,8,1,9
506	8	0,4,6,8,3,9,5,7	0,6,9,4,7,3,5,8
507	8	0,4,6,2,9,7,5,8	0,6,8,2,5,9,4,7
508	6	0,4,1,6,9,7	0,6,4,7,1,9
509	6	0,4,1,6,9,7	0,6,4,7,1,9
510	8	0,4,6,2,9,7,5,8	0,6,8,2,5,9,4,7
511	9	0,4,1,6,2,8,9,5,7	0,6,4,7,1,8,5,2,9
512	7	0,4,7,3,8,5,9	0,7,5,3,9,4,8
513	7	0,4,7,3,8,5,9	0,7,5,3,9,4,8
514	6	0,4,1,6,9,7	0,6,4,7,1,9
515	6	0,4,1,6,9,7	0,6,4,7,1,9
516	8	0,4,6,2,8,5,9,7	0,6,9,2,5,7,4,8
517	7	0,4,7,3,8,5,9	0,7,5,3,9,4,8
518	5	0,4,6,8,9	0,6,9,4,8
519	8	0,4,6,8,3,7,5,9	0,6,9,3,5,8,4,7
520	8	0,4,6,8,3,9,5,7	0,6,9,4,7,3,5,8
521	7	0,6,1,4,8,9,7	0,8,6,4,7,1,9
522	7	0,6,1,7,8,4,9	0,7,4,6,9,1,8
523	6	0,4,1,8,7,9	0,7,1,9,4,8
524	6	0,4,1,6,9,7	0,6,4,7,1,9
525	6	0,4,1,7,8,9	0,7,4,9,1,8
526	6	0,4,1,6,9,8	0,6,4,8,1,9
527	7	0,6,1,4,9,8,7	0,8,1,7,4,6,9
528	6	0,4,1,7,9,8	0,7,4,8,1,9
529	5	0,4,7,8,9	0,7,9,4,8
530	7	0,4,1,6,9,7,8	0,6,4,7,1,8,9
531	8	0,4,6,2,9,5,8,7	0,6,9,4,7,5,2,8
532	9	0,4,1,6,2,8,5,9,7	0,6,4,7,5,2,9,1,8
533	6	0,4,1,6,9,7	0,6,4,7,1,9
534	8	0,4,6,2,9,5,8,7	0,6,9,4,7,5,2,8
535	6	0,4,1,7,8,9	0,7,4,9,1,8
536	9	0,4,1,6,2,8,7,5,9	0,6,4,7,1,9,2,5,8
537	5	3,5,7,8,9	3,7,9,5,8
538	7	0,4,7,3,8,5,9	0,7,5,3,9,4,8
539	7	0,4,7,3,8,5,9	0,7,5,3,9,4,8
540	6	0,4,1,6,9,7	0,6,4,7,1,9
541	6	0,4,1,6,9,7	0,6,4,7,1,9
542	7	0,4,7,3,8,5,9	0,7,5,3,9,4,8
543	7	0,6,1,4,7,8,9	0,7,1,9,6,4,8
544	7	0,6,1,4,7,8,9	0,7,1,9,6,4,8
545	8	0,4,6,2,9,5,8,7	0,6,9,4,7,5,2,8
546	5	3,5,7,8,9	3,7,9,5,8
547	5	3,5,7,8,9	3,7,9,5,8
548	5	3,5,7,8,9	3,7,9,5,8
549	6	0,4,1,6,8,7	0,6,4,7,1,8
550	6	0,4,1,6,8,7	0,6,4,7,1,8
551	6	0,4,1,6,8,7	0,6,4,7,1,8
552	6	0,4,1,6,8,7	0,6,4,7,1,8
553	6	0,4,1,6,8,7	0,6,4,7,1,8
554	6	0,4,1,6,8,7	0,6,4,7,1,8
555	6	0,4,1,6,8,7	0,6,4,7,1,8
556	6	0,4,1,6,8,7	0,6,4,7,1,8
557	6	0,4,1,6,8,7	0,6,4,7,1,8
558	8	0,4,6,2,8,7,5,9	0,6,8,5,2,9,4,7
559	8	0,4,6,2,8,7,5,9	0,6,8,5,2,9,4,7
560	6	0,4,1,6,9,7	0,6,4,7,1,9
561	6	0,4,1,6,9,7	0,6,4,7,1,9
562	8	0,4,6,2,9,5,8,7	0,6,9,4,7,5,2,8
563	7	0,6,1,4,7,8,9	0,7,1,9,4,6,8
564	7	0,4,1,6,9,8,7	0,8,6,4,7,1,9
565	7	0,4,1,6,9,8,7	0,8,6,4,7,1,9
566	7	0,4,1,7,8,9,6	0,7,4,9,1,6,8
567	5	3,5,7,8,9	3,7,9,5,8
568	5	3,5,7,8,9	3,7,9,5,8
569	9	0,4,1,6,2,7,9,5,8	0,6,4,7,5,2,8,1,9
570	8	0,4,6,2,8,9,5,7	0,6,9,4,7,2,5,8
571	6	2,5,3,7,9,8	2,7,5,8,3,9
572	6	2,5,3,7,9,8	2,7,5,8,3,9
573	6	2,5,3,7,9,8	2,7,5,8,3,9
574	8	0,4,6,2,8,9,5,7	0,6,9,4,7,2,5,8
575	6	2,5,3,7,9,8	2,7,5,8,3,9
576	8	1,4,6,2,8,5,7,9	1,6,9,5,2,7,4,8
577	6	2,5,3,7,9,8	2,7,5,8,3,9
578	6	2,5,3,7,9,8	2,7,5,8,3,9
579	6	2,5,3,7,9,8	2,7,5,8,3,9
580	8	0,4,6,2,7,5,8,9	0,6,9,5,2,8,4,7
581	7	0,4,7,2,8,5,9	0,7,5,2,9,4,8
582	7	0,4,7,2,8,5,9	0,7,5,2,9,4,8
583	8	0,4,1,6,9,7,2,8	0,6,2,9,1,8,4,7
584	8	0,4,1,6,9,7,2,8	0,6,2,9,1,8,4,7
585	7	0,4,7,3,8,5,9	0,7,5,3,9,4,8
586	8	0,4,1,6,9,7,2,8	0,6,2,9,1,8,4,7
587	7	0,4,7,2,8,5,9	0,7,5,2,9,4,8
588	6	0,4,1,6,9,8	0,6,4,8,1,9
589	6	2,5,3,7,9,8	2,7,5,8,3,9
590	6	0,4,1,8,6,9	0,6,1,9,4,8
591	7	0,6,2,7,9,4,8	0,7,4,6,8,2,9
592	7	0,4,6,8,2,9,7	0,8,4,7,2,6,9
593	6	0,4,1,8,6,9	0,6,1,9,4,8
594	7	0,4,7,2,9,6,8	0,6,2,8,4,9,7
595	6	0,4,1,6,8,9	0,6,4,9,1,8
596	6	0,4,1,6,9,8	0,6,4,8,1,9
597	7	0,4,6,2,8,9,7	0,6,8,4,7,2,9
598	8	0,6,2,7,5,8,3,9	0,7,3,5,2,9,6,8
599	8	0,4,1,6,8,2,7,9	0,7,4,6,2,9,1,8
600	8	0,4,1,6,8,2,7,9	0,7,4,6,2,9,1,8
601	7	0,6,2,7,9,5,8	0,7,5,2,8,6,9
602	7	0,6,2,7,9,5,8	0,7,5,2,8,6,9
603	8	0,4,1,6,8,2,9,7	0,6,2,7,4,9,1,8
604	8	0,6,2,7,5,8,3,9	0,7,3,5,2,9,6,8
605	6	2,5,3,7,9,8	2,7,5,8,3,9
606	6	0,4,1,8,6,9	0,6,1,9,4,8
607	7	0,4,7,3,8,5,9	0,7,5,3,9,4,8
608	6	0,4,1,8,6,9	0,6,1,9,4,8
609	8	0,6,2,7,5,8,3,9	0,7,3,5,2,9,6,8
610	8	0,4,6,2,7,9,5,8	0,6,8,4,9,2,5,7
611	6	0,4,1,6,8,9	0,6,4,9,1,8
612	5	0,4,6,8,9	0,6,9,4,8
613	6	0,4,1,6,9,8	0,6,4,8,1,9
614	6	0,4,1,6,8,9	0,6,4,9,1,8
615	8	0,4,6,2,7,9,5,8	0,6,8,4,7,5,2,9
616	6	0,4,1,6,9,8	0,6,4,8,1,9
617	8	0,4,6,8,2,7,5,9	0,6,9,2,5,8,4,7
618	8	0,4,1,6,8,2,7,9	0,6,2,9,1,8,4,7
619	8	0,4,1,6,8,2,7,9	0,6,2,9,1,8,4,7
620	8	0,4,1,6,8,2,7,9	0,6,2,9,1,8,4,7
621	7	2,5,7,4,9,6,8	2,6,4,8,5,9,7
622	8	0,4,6,2,7,5,8,9	0,6,8,2,5,9,4,7
623	5	1,4,6,8,9	1,6,9,4,8
624	8	0,4,6,2,7,5,8,9	0,6,9,5,2,8,4,7
625	5	1,4,6,8,9	1,6,9,4,8
626	6	2,5,3,7,9,8	2,7,5,8,3,9
627	6	2,5,3,7,9,8	2,7,5,8,3,9
628	8	0,4,6,2,7,5,8,9	0,6,8,2,5,9,4,7
629	6	2,5,3,7,9,8	2,7,5,8,3,9
630	8	0,4,6,2,7,5,8,9	0,6,9,5,2,8,4,7
631	8	0,4,1,6,9,2,7,8	0,6,2,8,1,9,4,7
632	6	2,5,3,8,7,9	2,7,3,9,5,8
633	6	2,5,3,8,7,9	2,7,3,9,5,8
634	5	2,5,7,8,9	2,7,9,5,8
635	8	0,4,1,6,9,2,8,7	0,6,2,7,4,8,1,9
636	6	2,5,3,8,7,9	2,7,3,9,5,8
637	7	1,4,6,2,8,7,9	1,6,9,2,7,4,8
638	6	2,5,3,8,7,9	2,7,3,9,5,8
639	8	0,4,6,2,7,8,5,9	0,6,9,4,8,2,5,7
640	5	2,5,7,8,9	2,7,9,5,8
641	8	0,4,1,6,8,7,2,9	0,6,2,8,1,9,4,7
642	6	2,5,3,8,7,9	2,7,3,9,5,8
643	7	1,4,6,2,9,7,8	1,6,8,2,7,4,9
644	6	2,5,3,8,7,9	2,7,3,9,5,8
645	8	1,4,6,2,7,8,5,9	1,6,9,4,7,5,2,8
646	6	2,5,3,7,8,9	2,7,5,9,3,8
647	7	0,4,6,2,7,8,9	0,6,8,2,9,4,7
648	6	2,5,3,7,8,9	2,7,5,9,3,8
649	8	0,4,6,2,7,5,8,9	0,6,8,2,5,9,4,7
650	5	2,5,7,8,9	2,7,9,5,8
651	5	0,4,6,7,9	0,6,9,4,7
652	6	0,4,1,7,6,9	0,6,1,9,4,7
653	6	0,4,1,6,9,7	0,6,4,7,1,9
654	5	0,4,6,7,9	0,6,9,4,7
655	5	0,4,6,7,9	0,6,9,4,7
656	6	0,4,1,7,6,9	0,6,1,9,4,7
657	6	0,4,1,6,9,7	0,6,4,7,1,9
658	5	1,4,6,7,9	1,6,9,4,7
659	6	0,4,1,7,6,9	0,6,1,9,4,7
660	6	0,4,1,6,9,7	0,6,4,7,1,9
661	5	0,4,6,7,9	0,6,9,4,7
662	7	0,6,1,7,4,8,9	0,7,6,4,9,1,8
663	6	0,4,1,6,9,8	0,6,4,8,1,9
664	6	0,4,1,7,6,9	0,6,1,9,4,7
665	6	0,4,1,6,7,9	0,6,4,9,1,7
666	6	0,4,1,6,9,7	0,6,4,7,1,9
667	5	0,4,6,7,9	0,6,9,4,7
668	7	0,4,1,7,6,8,9	0,7,4,6,9,1,8
669	6	0,6,1,7,9,8	0,7,6,8,1,9
670	6	0,4,1,7,6,9	0,6,1,9,4,7
671	6	0,4,1,6,7,9	0,6,4,9,1,7
672	6	0,4,1,6,9,7	0,6,4,7,1,9
673	5	1,4,6,7,9	1,6,9,4,7
674	7	0,6,1,7,4,9,8	0,7,6,8,4,1,9
675	7	0,4,1,7,6,9,8	0,7,4,8,6,1,9
676	9	0,4,6,2,8,5,9,3,7	0,6,7,4,9,2,5,3,8
677	7	0,4,1,6,7,9,8	0,6,8,4,7,1,9
678	7	0,4,1,6,7,9,8	0,6,8,4,9,1,7
679	7	0,4,1,6,8,9,7	0,6,9,1,7,4,8
680	6	0,4,1,7,6,9	0,6,1,9,4,7
681	7	0,4,1,6,7,8,9	0,7,1,9,4,6,8
682	7	0,4,1,6,9,8,7	0,8,6,4,7,1,9
683	10	0,4,1,6,2,8,5,9,3,7	0,6,4,7,1,9,2,5,3,8
684	6	0,4,1,7,6,9	0,6,1,9,4,7
685	6	0,4,1,6,9,7	0,6,4,7,1,9
686	7	0,4,1,6,7,8,9	0,6,8,4,9,1,7
687	7	0,4,1,6,9,8,7	0,6,8,4,7,1,9
688	6	0,4,1,6,7,9	0,6,4,9,1,7
689	6	0,4,1,6,9,8	0,6,4,8,1,9
690	6	0,4,1,6,7,9	0,6,4,9,1,7
691	6	0,4,1,6,9,8	0,6,4,8,1,9
692	7	0,4,1,6,7,9,8	0,6,9,4,8,1,7
693	6	0,4,1,6,7,9	0,6,4,9,1,7
694	8	0,6,1,7,5,8,2,9	0,7,6,2,5,9,1,8
695	6	0,4,1,6,7,9	0,6,4,9,1,7
696	6	0,4,1,6,7,9	0,6,4,9,1,7
697	8	0,6,2,8,5,7,3,9	0,7,6,9,2,5,3,8
698	6	0,4,1,6,7,9	0,6,4,9,1,7
699	8	0,6,2,8,5,7,3,9	0,7,6,9,2,5,3,8
700	6	0,4,1,6,7,9	0,6,4,9,1,7
701	6	0,4,1,6,7,9	0,6,4,9,1,7
702	8	0,6,2,8,5,7,3,9	0,7,6,9,2,5,3,8
703	8	0,4,6,2,8,5,9,7	0,6,7,5,2,9,4,8
704	8	0,6,1,7,5,8,2,9	0,7,6,2,5,9,1,8
705	6	0,4,1,6,7,9	0,6,4,9,1,7
706	6	0,4,1,6,7,9	0,6,4,9,1,7
707	8	0,6,1,7,5,8,2,9	0,7,6,2,5,9,1,8
708	8	0,6,2,8,5,7,3,9	0,7,6,9,2,5,3,8
709	8	0,6,1,7,5,8,2,9	0,7,6,2,5,9,1,8
710	6	0,4,1,8,6,9	0,6,1,9,4,8
711	6	0,4,1,6,7,9	0,6,4,9,1,7
712	7	0,4,1,7,9,6,8	0,7,6,4,8,1,9
713	7	0,4,1,7,9,6,8	0,7,6,1,8,4,9
714	6	0,4,1,6,8,9	0,6,4,9,1,8
715	6	0,6,1,7,9,8	0,7,6,8,1,9
716	7	0,6,7,3,8,5,9	0,7,5,3,9,6,8
717	6	0,4,1,6,7,9	0,6,4,9,1,7
718	6	0,4,1,6,7,9	0,6,4,9,1,7
719	6	0,4,1,6,8,9	0,6,4,9,1,8
720	6	0,4,1,6,8,9	0,6,4,9,1,8
721	7	0,6,2,8,7,5,9	0,7,6,9,2,5,8
722	6	0,4,1,6,7,9	0,6,4,9,1,7
723	6	0,4,1,6,7,9	0,6,4,9,1,7
724	7	0,6,2,8,7,5,9	0,7,6,9,2,5,8
725	8	0,6,1,7,5,8,2,9	0,7,6,2,5,9,1,8
726	7	0,6,2,8,7,5,9	0,7,6,9,2,5,8
727	6	0,4,1,6,7,9	0,6,4,9,1,7
728	6	0,4,1,6,7,9	0,6,4,9,1,7
729	7	0,6,2,8,7,5,9	0,7,6,9,2,5,8
730	7	0,6,1,4,9,8,7	0,8,4,6,7,1,9
731	7	0,4,1,6,7,8,9	0,7,1,9,6,4,8
732	7	0,4,1,6,7,8,9	0,7,1,9,6,4,8
733	5	3,5,7,8,9	3,7,9,5,8
734	5	3,5,7,8,9	3,7,9,5,8
735	5	3,5,7,8,9	3,7,9,5,8
736	7	2,5,3,7,8,6,9	2,6,7,5,9,3,8
737	6	0,4,1,6,7,9	0,6,4,9,1,7
738	6	0,4,1,6,7,9	0,6,4,9,1,7
739	6	2,5,7,8,6,9	2,6,7,9,5,8
740	7	0,4,1,6,7,8,9	0,6,8,4,9,1,7
741	7	0,4,1,6,7,8,9	0,6,8,4,9,1,7
742	7	2,5,3,7,8,6,9	2,6,7,5,9,3,8
743	5	3,5,7,8,9	3,7,9,5,8
744	8	0,4,1,6,7,9,2,8	0,7,2,6,4,8,1,9
745	6	0,4,1,6,9,8	0,6,4,8,1,9
746	7	0,4,6,2,8,9,7	0,6,7,2,9,4,8
747	6	0,4,1,6,9,8	0,6,4,8,1,9
748	6	0,4,1,6,9,8	0,6,4,8,1,9
749	7	0,4,6,2,8,9,7	0,6,7,2,9,4,8
750	8	0,4,6,7,3,9,5,8	0,6,9,4,8,3,5,7
751	6	0,4,1,6,9,8	0,6,4,8,1,9
752	8	0,4,6,2,9,8,5,7	0,6,7,2,5,9,4,8
753	6	0,4,1,6,9,8	0,6,4,8,1,9
754	6	0,4,1,6,9,8	0,6,4,8,1,9
755	8	0,4,6,2,9,8,5,7	0,6,7,2,5,9,4,8
756	8	0,6,2,7,3,8,5,9	0,7,6,9,3,5,2,8
757	8	0,4,1,6,7,9,2,8	0,7,2,6,4,8,1,9
758	8	0,6,2,7,3,8,5,9	0,7,6,9,3,5,2,8
759	8	0,4,6,2,8,9,5,7	0,6,7,2,5,8,4,9
760	6	0,4,1,8,6,9	0,6,1,9,4,8
761	7	0,4,6,7,9,2,8	0,7,2,6,8,4,9
762	8	0,4,1,6,7,9,2,8	0,7,2,6,4,8,1,9
763	6	0,4,1,8,6,9	0,6,1,9,4,8
764	8	0,4,1,8,2,9,7,6	0,7,2,6,1,9,4,8
765	6	0,4,1,6,8,9	0,6,4,9,1,8
766	6	0,6,2,7,9,8	0,7,6,8,2,9
767	7	2,5,3,8,7,6,9	2,6,8,5,9,3,7
768	7	0,4,1,8,6,7,9	0,6,1,9,4,8,7
769	8	0,4,6,2,7,8,5,9	0,6,8,4,9,2,5,7
770	5	1,4,6,8,9	1,6,9,4,8
771	5	0,4,6,7,9	0,6,9,4,7
772	6	0,4,1,6,9,8	0,6,4,8,1,9
773	7	0,6,1,4,7,9,8	0,7,6,4,8,1,9
774	6	0,4,1,6,9,8	0,6,4,8,1,9
775	7	0,4,1,6,7,9,8	0,6,9,1,8,4,7
776	5	0,4,6,7,9	0,6,9,4,7
777	8	0,6,2,8,5,7,3,9	0,7,6,9,2,5,3,8
778	8	0,4,6,2,8,9,5,7	0,6,7,4,9,2,5,8
779	5	0,4,6,7,9	0,6,9,4,7
780	8	0,6,2,8,5,7,3,9	0,7,6,9,2,5,3,8
781	8	0,4,6,2,8,9,5,7	0,6,7,4,9,2,5,8
782	5	0,4,6,7,9	0,6,9,4,7
783	8	0,4,6,2,8,9,5,7	0,6,7,4,8,5,2,9
784	8	0,4,6,2,8,9,5,7	0,6,7,4,8,5,2,9
785	5	0,4,6,7,9	0,6,9,4,7
786	8	0,4,6,2,8,9,5,7	0,6,7,4,8,5,2,9
787	7	0,4,7,3,8,5,9	0,7,5,3,9,4,8
788	7	0,4,7,3,8,5,9	0,7,5,3,9,4,8
789	5	0,4,6,7,9	0,6,9,4,7
790	8	0,6,2,8,5,7,3,9	0,7,6,9,2,5,3,8
791	8	0,4,6,2,8,5,9,7	0,6,7,5,2,9,4,8
792	7	0,4,7,3,8,5,9	0,7,5,3,9,4,8
793	6	0,4,1,6,9,8	0,6,4,8,1,9
794	7	0,6,1,4,7,9,8	0,7,6,4,8,1,9
795	6	0,4,1,8,6,9	0,6,1,9,4,8
796	7	0,6,1,8,4,9,7	0,8,6,7,4,1,9
797	7	0,4,1,8,6,9,7	0,8,4,7,6,1,9
798	8	2,5,3,7,6,8,4,9	2,6,4,7,5,9,3,8
799	6	0,4,1,6,8,9	0,6,4,9,1,8
800	7	0,4,1,6,7,9,8	0,7,4,6,8,1,9
801	7	0,6,7,3,8,5,9	0,7,5,3,9,6,8
802	7	0,6,2,8,5,9,7	0,8,6,7,5,2,9
803	5	0,4,6,7,9	0,6,9,4,7
804	7	0,6,2,8,5,9,7	0,8,6,7,5,2,9
805	7	2,5,3,7,9,6,8	2,6,7,5,8,3,9
806	6	0,4,1,6,8,9	0,6,4,9,1,8
807	7	0,6,7,3,8,5,9	0,7,5,3,9,6,8
808	7	0,4,1,6,7,9,8	0,7,4,6,8,1,9
809	7	2,5,7,6,8,4,9	2,6,4,7,9,5,8
810	8	0,4,6,2,8,9,5,7	0,6,7,4,8,5,2,9
811	5	1,4,6,8,9	1,6,9,4,8
812	8	0,4,6,2,8,9,5,7	0,6,7,4,8,5,2,9
813	7	0,4,1,6,8,9,7	0,6,7,4,8,1,9
814	7	0,4,1,6,8,9,7	0,6,7,4,8,1,9
815	7	0,4,1,6,8,9,7	0,6,7,4,8,1,9
816	7	0,6,1,8,7,4,9	0,7,6,9,1,4,8
817	7	0,6,1,4,8,7,9	0,7,6,4,9,1,8
818	7	0,4,1,6,9,7,8	0,6,7,4,8,1,9
819	7	0,4,1,8,7,9,6	0,7,6,1,9,4,8
820	7	0,6,1,4,7,8,9	0,7,6,4,9,1,8
821	6	0,4,1,6,9,8	0,6,4,8,1,9
822	7	0,4,1,6,7,8,9	0,6,4,7,9,1,8
823	7	0,4,1,6,7,9,8	0,6,4,9,1,8,7
824	6	1,4,6,7,8,9	1,6,9,7,4,8
825	7	0,6,2,8,7,5,9	0,7,6,9,2,5,8
826	8	0,4,6,2,8,7,5,9	0,6,7,4,9,2,5,8
827	5	0,4,6,7,9	0,6,9,4,7
828	7	0,6,2,8,7,5,9	0,7,6,9,2,5,8
829	8	0,4,6,2,9,5,8,7	0,6,9,4,7,5,2,8
830	5	3,5,7,8,9	3,7,9,5,8
831	7	2,5,7,6,9,4,8	2,6,4,7,8,5,9
832	8	0,4,6,2,9,5,8,7	0,6,7,5,2,8,4,9
833	5	0,4,6,7,9	0,6,9,4,7
834	8	0,4,6,2,8,7,5,9	0,6,9,2,5,8,4,7
835	8	0,4,6,2,8,9,5,7	0,6,7,4,8,5,2,9
836	7	0,4,1,6,7,8,9	0,6,9,1,8,4,7
837	7	0,4,1,6,7,8,9	0,6,9,1,8,4,7
838	5	3,5,7,8,9	3,7,9,5,8
839	8	0,4,1,6,7,9,2,8	0,6,2,7,4,8,1,9
840	6	0,4,1,6,9,8	0,6,4,8,1,9
841	7	0,4,6,2,7,9,8	0,6,7,4,8,2,9
842	6	0,4,1,6,9,8	0,6,4,8,1,9
843	6	0,4,1,6,9,8	0,6,4,8,1,9
844	9	0,4,1,6,2,7,9,5,8	0,6,4,7,5,2,8,1,9
845	8	0,4,6,2,7,5,8,9	0,6,7,4,9,5,2,8
846	6	2,5,3,7,9,8	2,7,5,8,3,9
847	6	2,5,3,7,9,8	2,7,5,8,3,9
848	6	2,5,3,7,9,8	2,7,5,8,3,9
849	8	0,4,6,2,7,5,8,9	0,6,7,4,9,5,2,8
850	8	0,4,6,7,3,8,5,9	0,6,9,3,5,7,4,8
851	6	0,4,1,6,9,8	0,6,4,8,1,9
852	8	0,4,6,2,7,5,9,8	0,6,7,4,8,5,2,9
853	6	0,4,1,6,9,8	0,6,4,8,1,9
854	6	0,4,1,6,9,8	0,6,4,8,1,9
855	8	0,4,6,7,2,8,5,9	0,6,9,2,5,7,4,8
856	8	0,4,1,6,7,9,2,8	0,6,2,7,4,8,1,9
857	8	0,4,1,6,7,9,2,8	0,6,2,7,4,8,1,9
858	8	0,4,1,6,7,9,2,8	0,6,2,7,4,8,1,9
859	8	0,4,6,2,7,9,5,8	0,6,7,5,2,8,4,9
860	8	0,4,6,2,7,5,8,9	0,6,7,4,9,5,2,8
861	6	0,4,1,6,9,8	0,6,4,8,1,9
862	6	2,5,3,7,9,8	2,7,5,8,3,9
863	6	0,4,1,8,6,9	0,6,1,9,4,8
864	7	0,4,7,6,8,2,9	0,6,2,7,9,4,8
865	8	0,4,1,6,7,9,2,8	0,6,2,7,4,8,1,9
866	6	0,4,1,8,6,9	0,6,1,9,4,8
867	6	0,4,1,6,8,9	0,6,4,9,1,8
868	6	0,4,1,6,9,8	0,6,4,8,1,9
869	7	0,4,6,2,7,9,8	0,6,7,4,8,2,9
870	6	0,4,1,6,8,9	0,6,4,9,1,8
871	7	2,6,7,3,8,5,9	2,7,5,3,9,6,8
872	8	0,4,6,2,7,9,5,8	0,6,8,2,5,7,4,9
873	7	2,5,3,7,9,6,8	2,6,7,5,8,3,9
874	7	2,5,3,7,6,8,9	2,6,9,3,8,5,7
875	6	2,5,3,7,9,8	2,7,5,8,3,9
876	6	2,5,3,7,9,8	2,7,5,8,3,9
877	7	0,4,7,6,9,2,8	0,6,2,7,8,4,9
878	7	0,4,6,2,8,7,9	0,6,7,2,9,4,8
879	7	0,4,1,6,9,7,8	0,6,7,4,8,1,9
880	7	0,4,1,6,9,7,8	0,6,7,4,8,1,9
881	6	2,5,3,7,8,9	2,7,5,9,3,8
882	6	0,4,1,6,9,8	0,6,4,8,1,9
883	6	0,4,1,6,9,8	0,6,4,8,1,9
884	6	2,5,3,7,8,9	2,7,5,9,3,8
885	6	0,4,1,6,9,8	0,6,4,8,1,9
886	8	0,4,1,6,7,8,2,9	0,6,2,7,4,9,1,8
887	6	2,5,3,8,7,9	2,7,3,9,5,8
888	8	0,4,1,6,2,8,7,9	0,6,4,7,2,9,1,8
889	6	2,5,3,8,7,9	2,7,3,9,5,8
890	8	0,4,6,2,7,8,5,9	0,6,9,4,7,5,2,8
891	5	2,5,7,8,9	2,7,9,5,8
892	8	0,4,6,2,7,8,5,9	0,6,7,5,2,9,4,8
893	8	0,4,6,2,7,8,5,9	0,6,7,5,2,9,4,8
894	7	0,4,1,6,9,7,8	0,6,7,4,8,1,9
895	7	0,4,1,6,9,7,8	0,6,7,4,8,1,9
896	8	0,4,6,2,7,5,9,8	0,6,7,4,8,5,2,9
897	6	0,4,1,6,9,8	0,6,4,8,1,9
898	7	0,4,1,6,7,8,9	0,6,4,7,9,1,8
899	5	3,5,7,8,9	3,7,9,5,8
900	6	0,4,1,6,9,8	0,6,4,8,1,9
901	8	0,4,6,9,1,7,2,8	0,7,4,8,1,6,2,9
902	8	0,4,5,8,2,6,3,9	0,6,4,9,2,5,3,8
903	8	0,4,5,8,2,6,3,9	0,6,4,9,2,5,3,8
904	8	0,4,5,8,2,6,3,9	0,6,4,9,2,5,3,8
905	8	0,4,5,8,2,6,3,9	0,6,4,9,2,5,3,8
906	8	0,6,2,5,9,7,3,8	0,7,2,8,5,3,6,9
907	8	0,6,2,5,9,7,3,8	0,7,2,8,5,3,6,9
908	9	0,4,6,2,7,3,9,1,8	0,6,3,8,2,9,4,1,7
909	7	0,4,5,8,2,9,6	0,8,4,6,2,5,9
910	7	0,4,5,8,2,9,6	0,8,4,6,2,5,9
911	9	0,4,5,2,6,3,7,9,8	0,6,4,8,5,3,9,2,7
912	8	0,4,1,7,9,6,2,8	0,6,4,8,1,9,2,7
913	7	0,4,5,8,2,9,6	0,8,4,6,2,5,9
914	9	0,4,1,7,2,6,9,5,8	0,6,4,5,2,8,1,9,7
915	8	0,4,1,7,9,6,2,8	0,6,4,8,1,9,2,7
916	7	2,5,3,6,8,4,9	2,6,4,5,9,3,8
917	7	2,5,3,6,8,4,9	2,6,4,5,9,3,8
918	8	0,4,1,7,9,2,8,6	0,7,2,6,4,8,1,9
919	8	0,4,1,7,9,2,8,6	0,7,2,6,4,8,1,9
920	7	0,4,5,8,6,2,9	0,6,4,9,5,2,8
921	7	0,4,5,8,6,2,9	0,6,4,9,5,2,8
922	8	0,4,1,7,9,2,6,8	0,6,4,9,1,8,2,7
923	8	0,6,2,7,9,3,5,8	0,7,3,6,8,2,5,9
924	7	0,6,2,7,8,3,9	0,7,3,6,9,2,8
925	9	0,4,6,2,7,3,9,1,8	0,6,3,8,2,9,4,1,7
926	7	0,6,2,7,8,3,9	0,7,3,6,9,2,8
927	8	0,4,1,7,8,2,9,6	0,7,2,6,4,9,1,8
928	8	0,4,1,7,8,2,9,6	0,7,2,6,4,9,1,8
929	7	0,4,5,8,2,9,6	0,8,4,6,2,5,9
930	8	0,4,5,8,2,6,3,9	0,6,4,9,2,5,3,8
931	7	2,5,3,6,9,4,8	2,6,4,5,8,3,9
932	7	0,4,5,8,2,9,6	0,8,4,6,2,5,9
933	7	0,4,5,8,2,9,6	0,8,4,6,2,5,9
934	7	2,5,3,6,9,4,8	2,6,4,5,8,3,9
935	8	0,4,5,8,2,6,3,9	0,6,4,9,2,5,3,8
936	7	0,4,5,8,2,9,6	0,8,4,6,2,5,9
937	8	0,4,5,9,2,6,3,8	0,6,4,8,2,5,3,9
938	7	2,5,3,6,8,4,9	2,6,4,5,9,3,8
939	7	2,5,3,6,8,4,9	2,6,4,5,9,3,8
940	7	0,6,2,7,9,3,8	0,7,3,6,8,2,9
941	8	0,4,1,7,9,2,6,8	0,6,4,9,1,8,2,7
942	7	2,5,3,6,8,4,9	2,6,4,5,9,3,8
943	7	2,5,3,6,8,4,9	2,6,4,5,9,3,8
944	8	0,4,5,9,2,6,3,8	0,6,4,8,2,5,3,9
945	7	0,6,2,7,9,3,8	0,7,3,6,8,2,9
946	6	2,5,3,8,6,9	2,6,3,9,5,8
947	7	0,4,5,8,6,2,9	0,6,4,9,5,2,8
948	7	0,6,2,7,9,3,8	0,7,3,6,8,2,9
949	6	2,5,3,8,6,9	2,6,3,9,5,8
950	7	0,4,5,8,6,2,9	0,6,4,9,5,2,8
951	6	2,5,3,8,6,9	2,6,3,9,5,8
952	6	2,5,3,8,6,9	2,6,3,9,5,8
953	7	0,6,2,7,9,3,8	0,7,3,6,8,2,9
954	6	2,5,4,8,6,9	2,6,4,9,5,8
955	7	0,4,5,8,6,2,9	0,6,4,9,5,2,8
956	8	0,4,1,7,9,2,6,8	0,6,4,9,1,8,2,7
957	7	0,4,5,8,2,9,6	0,8,4,6,2,5,9
958	8	0,6,2,7,9,3,5,8	0,7,3,6,8,2,5,9
959	6	2,5,4,8,6,9	2,6,4,9,5,8
960	7	0,4,5,8,6,2,9	0,6,4,9,5,2,8
961	5	0,4,6,8,9	0,6,9,4,8
962	7	0,4,5,8,2,9,6	0,8,4,6,2,5,9
963	5	0,4,6,8,9	0,6,9,4,8
964	6	2,5,4,8,6,9	2,6,4,9,5,8
965	8	0,4,1,7,9,2,6,8	0,6,4,9,1,8,2,7
966	8	0,4,1,7,9,2,8,6	0,7,2,6,4,8,1,9
967	8	0,6,2,7,9,3,5,8	0,7,3,6,8,2,5,9
968	8	0,4,1,7,9,2,6,8	0,6,4,9,1,8,2,7
969	8	0,4,1,7,9,2,8,6	0,7,2,6,4,8,1,9
970	8	0,6,2,7,9,3,5,8	0,7,3,6,8,2,5,9
971	8	0,4,1,7,9,6,2,8	0,6,4,8,1,9,2,7
972	6	2,5,3,8,6,9	2,6,3,9,5,8
973	7	2,5,3,6,8,4,9	2,6,4,5,9,3,8
974	7	2,5,3,6,9,4,8	2,6,4,5,8,3,9
975	6	2,5,3,8,6,9	2,6,3,9,5,8
976	6	2,5,4,8,6,9	2,6,4,9,5,8
977	7	2,5,3,6,8,4,9	2,6,4,5,9,3,8
978	7	2,5,3,6,9,4,8	2,6,4,5,8,3,9
979	6	2,5,3,8,6,9	2,6,3,9,5,8
980	8	0,4,1,7,9,2,8,6	0,7,2,6,4,8,1,9
981	8	0,4,1,7,9,2,8,6	0,7,2,6,4,8,1,9
982	8	0,4,1,7,9,2,8,6	0,7,2,6,4,8,1,9
983	7	0,6,2,7,8,3,9	0,7,3,6,9,2,8
984	6	0,4,1,8,7,9	0,7,1,9,4,8
985	7	0,6,2,7,8,3,9	0,7,3,6,9,2,8
986	6	0,4,1,8,7,9	0,7,1,9,4,8
987	7	0,4,6,2,9,7,8	0,6,9,4,8,2,7
988	8	0,4,5,9,2,6,3,8	0,6,4,8,2,5,3,9
989	7	0,6,2,7,8,3,9	0,7,3,6,9,2,8
990	8	0,4,5,9,2,6,3,8	0,6,4,8,2,5,3,9
991	7	0,6,2,7,8,3,9	0,7,3,6,9,2,8
992	6	2,5,3,8,7,9	2,7,3,9,5,8
993	7	0,6,2,7,8,3,9	0,7,3,6,9,2,8
994	6	2,5,3,8,7,9	2,7,3,9,5,8
995	8	0,4,1,7,8,2,9,6	0,7,2,6,4,9,1,8
996	6	2,5,3,8,7,9	2,7,3,9,5,8
997	6	2,5,3,8,7,9	2,7,3,9,5,8
998	7	0,4,5,8,2,9,6	0,8,4,6,2,5,9
999	6	0,4,1,8,7,9	0,7,1,9,4,8
1000	6	0,4,1,8,7,9	0,7,1,9,4,8
1001	7	0,4,5,8,2,9,6	0,8,4,6,2,5,9
1002	6	0,4,1,8,7,9	0,7,1,9,4,8
1003	7	0,4,6,2,9,7,8	0,6,9,4,8,2,7
1004	9	0,4,5,2,6,3,7,8,9	0,6,4,8,5,3,9,2,7
1005	8	0,4,1,7,8,2,6,9	0,6,4,8,1,9,2,7
1006	7	0,4,5,8,2,9,6	0,8,4,6,2,5,9
1007	8	0,4,1,7,8,2,9,6	0,7,2,6,4,9,1,8
1008	6	0,4,1,8,7,9	0,7,1,9,4,8
1009	9	0,4,5,2,6,3,7,8,9	0,6,4,8,5,3,9,2,7
1010	6	0,4,1,8,7,9	0,7,1,9,4,8
1011	9	0,4,5,2,6,3,7,9,8	0,6,4,8,5,3,9,2,7
1012	8	0,4,1,7,8,2,6,9	0,6,4,8,1,9,2,7
1013	8	0,6,2,5,9,3,7,8	0,7,2,8,5,3,6,9
1014	8	0,4,1,7,9,6,2,8	0,6,4,8,1,9,2,7
1015	7	2,5,3,6,9,4,8	2,6,4,5,8,3,9
1016	6	2,5,3,8,7,9	2,7,3,9,5,8
1017	7	2,5,3,6,9,4,8	2,6,4,5,8,3,9
1018	6	2,5,3,8,7,9	2,7,3,9,5,8
1019	8	0,4,1,7,8,2,6,9	0,6,4,8,1,9,2,7
1020	8	0,4,6,2,8,7,3,9	0,6,3,8,4,9,2,7
1021	7	2,5,3,6,9,4,8	2,6,4,5,8,3,9
1022	8	0,4,1,7,8,2,6,9	0,6,4,8,1,9,2,7
1023	8	0,4,6,2,8,7,3,9	0,6,3,8,4,9,2,7
1024	6	2,5,3,8,7,9	2,7,3,9,5,8
1025	8	0,4,1,7,8,2,6,9	0,6,4,8,1,9,2,7
1026	7	0,6,2,7,8,3,9	0,7,3,6,9,2,8
1027	7	0,6,2,7,9,3,8	0,7,3,6,8,2,9
1028	6	0,6,2,8,7,9	0,7,2,9,6,8
1029	6	0,6,2,8,7,9	0,7,2,9,6,8
1030	6	2,6,3,8,7,9	2,7,3,9,6,8
1031	8	0,4,1,7,8,6,2,9	0,6,4,9,1,8,2,7
1032	7	0,6,2,7,8,3,9	0,7,3,6,9,2,8
1033	7	0,6,2,7,9,3,8	0,7,3,6,8,2,9
1034	8	0,4,1,7,8,2,6,9	0,6,4,8,1,9,2,7
1035	6	0,4,1,8,7,9	0,7,1,9,4,8
1036	6	0,6,2,8,7,9	0,7,2,9,6,8
1037	6	0,4,1,8,7,9	0,7,1,9,4,8
1038	7	0,4,1,7,9,6,8	0,6,4,9,1,8,7
1039	8	0,4,1,7,8,6,2,9	0,6,4,9,1,8,2,7
1040	8	0,4,1,7,8,2,6,9	0,6,4,8,1,9,2,7
1041	5	0,4,6,8,9	0,6,9,4,8
1042	8	0,4,1,7,8,2,9,6	0,7,2,6,4,9,1,8
1043	8	0,4,1,7,9,2,8,6	0,7,2,6,4,8,1,9
1044	6	0,4,1,8,7,9	0,7,1,9,4,8
1045	8	0,4,1,7,9,2,6,8	0,6,4,9,1,8,2,7
1046	7	0,4,1,7,8,6,9	0,6,4,8,1,9,7
1047	8	0,4,1,7,9,6,2,8	0,6,4,8,1,9,2,7
1048	7	2,5,3,6,8,4,9	2,6,4,5,9,3,8
1049	7	2,5,3,6,8,4,9	2,6,4,5,9,3,8
1050	6	2,6,3,8,7,9	2,7,3,9,6,8
1051	7	0,4,1,7,8,6,9	0,6,4,8,1,9,7
1052	7	2,5,3,6,8,4,9	2,6,4,5,9,3,8
1053	8	0,4,1,7,8,2,6,9	0,6,4,8,1,9,2,7
1054	8	0,4,1,7,8,2,6,9	0,6,4,8,1,9,2,7
1055	8	0,4,1,7,9,2,8,6	0,7,2,6,4,8,1,9
1056	7	0,4,6,2,8,7,9	0,6,8,4,9,2,7
1057	7	0,4,1,7,8,6,9	0,6,4,8,1,9,7
1058	7	0,4,5,8,6,2,9	0,6,4,9,5,2,8
1059	7	0,4,5,8,6,2,9	0,6,4,9,5,2,8
1060	6	0,6,2,8,7,9	0,7,2,9,6,8
1061	6	0,6,2,8,7,9	0,7,2,9,6,8
1062	7	0,4,1,7,9,6,8	0,6,4,9,1,8,7
1063	7	0,4,1,7,9,6,8	0,6,4,9,1,8,7
1064	7	0,4,5,8,6,2,9	0,6,4,9,5,2,8
1065	8	0,4,1,7,8,2,9,6	0,7,2,6,4,9,1,8
1066	8	0,6,2,5,8,7,3,9	0,7,2,9,5,3,6,8
1067	8	0,4,1,7,8,2,9,6	0,7,2,6,4,9,1,8
1068	8	0,4,1,7,8,6,2,9	0,6,4,9,1,8,2,7
1069	8	0,6,2,5,8,7,3,9	0,7,2,9,5,3,6,8
1070	8	0,4,1,7,9,2,6,8	0,6,4,9,1,8,2,7
1071	6	0,6,2,8,7,9	0,7,2,9,6,8
1072	7	2,5,3,6,9,7,8	2,6,8,5,9,3,7
1073	7	2,5,3,6,9,7,8	2,6,8,5,9,3,7
1074	6	2,5,3,8,6,9	2,6,3,9,5,8
1075	6	2,5,3,8,7,9	2,7,3,9,5,8
1076	6	2,6,3,8,7,9	2,7,3,9,6,8
1077	6	2,5,3,8,6,9	2,6,3,9,5,8
1078	7	2,5,3,6,8,7,9	2,6,9,5,8,3,7
1079	8	0,4,1,7,8,6,2,9	0,6,4,9,1,8,2,7
1080	8	0,4,1,7,8,6,2,9	0,6,4,9,1,8,2,7
1081	6	2,5,3,8,6,9	2,6,3,9,5,8
1082	8	0,4,1,7,8,6,2,9	0,6,4,9,1,8,2,7
1083	6	2,5,3,8,7,9	2,7,3,9,5,8
1084	6	2,6,3,8,7,9	2,7,3,9,6,8
1085	8	0,6,2,5,8,7,3,9	0,7,2,9,5,3,6,8
1086	6	0,4,1,8,7,9	0,7,1,9,4,8
1087	6	0,4,1,8,7,9	0,7,1,9,4,8
1088	7	0,4,1,7,8,6,9	0,6,4,8,1,9,7
1089	7	0,4,1,7,9,6,8	0,6,4,9,1,8,7
1090	8	0,6,2,5,8,7,3,9	0,7,2,9,5,3,6,8
1091	5	0,4,6,8,9	0,6,9,4,8
1092	8	0,6,2,5,8,7,3,9	0,7,2,9,5,3,6,8
1093	9	0,4,1,7,2,6,9,5,8	0,6,4,5,2,9,1,8,7
1094	6	0,4,1,8,7,9	0,7,1,9,4,8
1095	8	0,6,2,5,8,7,3,9	0,7,2,9,5,3,6,8
1096	8	0,4,5,2,9,7,8,6	0,7,2,6,4,9,5,8
1097	7	0,4,1,7,8,6,9	0,6,4,8,1,9,7
1098	7	0,4,1,7,9,6,8	0,6,4,9,1,8,7
1099	8	0,4,5,2,6,9,7,8	0,6,4,8,5,9,2,7
1100	6	2,5,4,8,6,9	2,6,4,9,5,8
1101	7	0,4,6,2,8,7,9	0,6,8,4,9,2,7
1102	7	0,4,1,7,8,6,9	0,6,4,8,1,9,7
1103	7	0,4,1,7,8,6,9	0,6,4,8,1,9,7
1104	7	0,4,1,7,8,6,9	0,6,4,8,1,9,7
1105	8	0,4,1,7,8,6,2,9	0,6,4,9,1,8,2,7
1106	8	0,4,1,7,8,2,6,9	0,6,4,8,1,9,2,7
1107	8	0,4,1,7,8,2,6,9	0,6,4,8,1,9,2,7
1108	9	0,4,1,7,8,2,5,9,6	0,7,2,6,4,5,8,1,9
1109	7	0,4,6,2,8,7,9	0,6,8,4,9,2,7
1110	8	0,4,1,7,9,2,8,6	0,7,2,6,4,8,1,9
1111	8	0,4,5,2,6,8,7,9	0,6,4,9,5,8,2,7
1112	7	0,4,1,7,8,6,9	0,6,4,8,1,9,7
1113	7	0,4,1,7,8,6,9	0,6,4,8,1,9,7
1114	7	0,4,1,7,8,6,9	0,6,4,8,1,9,7
1115	9	0,4,1,7,5,2,6,9,8	0,6,4,5,9,1,8,2,7
1116	8	0,4,5,9,2,6,3,8	0,6,4,8,2,5,3,9
1117	8	0,4,5,9,2,6,3,8	0,6,4,8,2,5,3,9
1118	8	0,4,5,9,2,6,3,8	0,6,4,8,2,5,3,9
1119	8	0,4,1,7,9,6,2,8	0,6,4,8,1,9,2,7
1120	8	0,4,5,9,2,6,3,8	0,6,4,8,2,5,3,9
1121	8	0,4,5,7,2,6,9,8	0,6,4,8,2,5,9,7
1122	8	0,4,1,7,9,6,2,8	0,6,4,8,1,9,2,7
1123	8	0,4,1,7,9,2,6,8	0,6,4,9,1,8,2,7
1124	9	0,4,1,7,2,5,9,6,8	0,6,2,8,1,9,4,5,7
1125	8	0,4,1,7,9,2,6,8	0,6,4,9,1,8,2,7
1126	8	0,4,1,7,9,2,6,8	0,6,4,9,1,8,2,7
1127	8	0,6,2,5,7,9,3,8	0,7,2,8,6,3,5,9
1128	8	0,6,2,5,7,9,3,8	0,7,2,8,6,3,5,9
1129	8	0,4,1,7,9,2,6,8	0,6,4,9,1,8,2,7
1130	9	0,4,1,7,2,5,9,6,8	0,6,2,9,1,8,4,5,7
1131	5	0,4,6,8,9	0,6,9,4,8
1132	8	0,4,5,2,7,9,8,6	0,7,5,9,2,6,4,8
1133	5	0,4,6,8,9	0,6,9,4,8
1134	8	0,4,5,2,7,9,8,6	0,7,5,9,2,6,4,8
1135	8	0,4,5,2,7,9,8,6	0,7,5,9,2,6,4,8
1136	7	0,4,5,8,2,9,6	0,8,4,6,2,5,9
1137	7	2,5,3,6,9,4,8	2,6,4,5,8,3,9
1138	7	0,4,5,8,3,9,6	0,8,4,6,3,5,9
1139	8	0,4,5,8,2,6,3,9	0,6,4,9,2,5,3,8
1140	7	2,5,3,6,8,4,9	2,6,4,5,9,3,8
1141	7	2,5,3,6,8,4,9	2,6,4,5,9,3,8
1142	8	0,4,1,7,9,2,6,8	0,6,4,9,1,8,2,7
1143	8	0,4,5,9,2,6,3,8	0,6,4,8,2,5,3,9
1144	8	0,6,2,5,7,9,3,8	0,7,2,8,6,3,5,9
1145	7	2,5,3,6,8,4,9	2,6,4,5,9,3,8
1146	7	2,5,3,6,8,4,9	2,6,4,5,9,3,8
1147	5	0,4,6,8,9	0,6,9,4,8
1148	8	0,4,5,9,2,6,3,8	0,6,4,8,2,5,3,9
1149	6	2,5,3,8,6,9	2,6,3,9,5,8
1150	7	0,4,5,8,6,2,9	0,6,4,9,5,2,8
1151	8	0,4,5,8,2,6,3,9	0,6,4,9,2,5,3,8
1152	6	2,5,3,8,6,9	2,6,3,9,5,8
1153	7	0,4,5,8,6,3,9	0,6,4,9,5,3,8
1154	6	2,5,3,8,6,9	2,6,3,9,5,8
1155	7	0,4,5,8,6,2,9	0,6,4,9,5,2,8
1156	8	0,4,5,8,2,6,3,9	0,6,4,9,2,5,3,8
1157	6	2,5,3,8,6,9	2,6,3,9,5,8
1158	8	0,4,5,8,2,6,3,9	0,6,4,9,2,5,3,8
1159	8	0,6,2,5,7,9,3,8	0,7,2,8,6,3,5,9
1160	6	3,5,4,8,6,9	3,6,4,9,5,8
1161	7	0,4,5,8,6,3,9	0,6,4,9,5,3,8
1162	8	0,6,2,5,8,3,9,7	0,8,6,3,5,7,2,9
1163	7	0,4,5,8,3,9,6	0,8,4,6,3,5,9
1164	6	3,5,4,8,6,9	3,6,4,9,5,8
1165	7	0,4,5,8,6,3,9	0,6,4,9,5,3,8
1166	5	0,4,6,8,9	0,6,9,4,8
1167	7	0,4,5,8,3,9,6	0,8,4,6,3,5,9
1168	6	3,5,4,8,6,9	3,6,4,9,5,8
1169	8	0,6,2,5,8,3,9,7	0,8,6,3,5,7,2,9
1170	7	0,4,1,7,9,5,8	0,7,5,4,8,1,9
1171	8	0,4,5,2,6,8,9,7	0,6,4,9,2,7,5,8
1172	8	0,6,2,5,8,3,9,7	0,8,6,3,5,7,2,9
1173	6	2,5,3,8,6,9	2,6,3,9,5,8
1174	7	2,5,3,6,8,4,9	2,6,4,5,9,3,8
1175	7	2,5,3,6,9,4,8	2,6,4,5,8,3,9
1176	6	2,5,3,8,6,9	2,6,3,9,5,8
1177	6	3,5,4,8,6,9	3,6,4,9,5,8
1178	7	2,5,3,6,8,4,9	2,6,4,5,9,3,8
1179	7	2,5,3,6,9,4,8	2,6,4,5,8,3,9
1180	6	2,5,3,8,6,9	2,6,3,9,5,8
1181	7	1,4,5,7,9,2,8	1,7,2,5,8,4,9
1182	8	0,4,1,7,9,2,8,6	0,7,2,6,4,8,1,9
1183	8	0,4,5,2,6,8,9,7	0,6,4,8,2,7,5,9
1184	8	0,4,1,7,9,2,8,6	0,7,2,6,4,8,1,9
1185	8	0,4,1,7,8,2,9,6	0,7,2,6,4,9,1,8
1186	6	0,6,2,8,7,9	0,7,2,9,6,8
1187	7	0,4,1,7,9,6,8	0,6,4,9,1,8,7
1188	8	0,4,1,7,8,6,2,9	0,6,4,9,1,8,2,7
1189	8	0,4,1,7,8,2,9,6	0,7,2,6,4,9,1,8
1190	8	0,6,2,5,7,8,3,9	0,7,2,9,5,3,6,8
1191	6	0,6,2,8,7,9	0,7,2,9,6,8
1192	8	0,6,2,5,7,8,3,9	0,7,2,9,5,3,6,8
1193	6	0,4,1,8,7,9	0,7,1,9,4,8
1194	6	0,4,1,8,7,9	0,7,1,9,4,8
1195	7	0,4,1,7,8,6,9	0,6,4,8,1,9,7
1196	7	0,4,1,7,9,6,8	0,6,4,9,1,8,7
1197	8	0,6,2,5,7,8,3,9	0,7,2,9,5,3,6,8
1198	5	0,4,6,8,9	0,6,9,4,8
1199	8	0,6,2,5,7,8,3,9	0,7,2,9,5,3,6,8
1200	8	0,4,5,2,7,8,9,6	0,7,5,9,2,6,4,8
1201	6	0,4,1,8,7,9	0,7,1,9,4,8
1202	8	0,6,2,5,7,8,3,9	0,7,2,9,5,3,6,8
1203	8	0,4,5,2,7,9,8,6	0,7,5,9,2,6,4,8
1204	7	0,4,1,7,8,6,9	0,6,4,8,1,9,7
1205	8	0,4,5,2,7,8,9,6	0,7,5,9,2,6,4,8
1206	7	2,5,3,6,8,4,9	2,6,4,5,9,3,8
1207	7	2,5,3,6,8,4,9	2,6,4,5,9,3,8
1208	7	0,4,1,7,8,6,9	0,6,4,8,1,9,7
1209	7	0,4,1,7,8,6,9	0,6,4,8,1,9,7
1210	7	0,4,1,7,8,6,9	0,6,4,8,1,9,7
1211	7	2,5,3,6,8,4,9	2,6,4,5,9,3,8
1212	8	0,4,1,7,8,2,6,9	0,6,4,8,1,9,2,7
1213	8	0,4,1,7,8,2,6,9	0,6,4,8,1,9,2,7
1214	8	0,4,5,2,6,9,8,7	0,6,4,8,2,7,5,9
1215	7	0,4,6,2,8,7,9	0,6,8,4,9,2,7
1216	8	0,4,1,7,9,2,8,6	0,7,2,6,4,8,1,9
1217	8	0,4,5,2,6,8,9,7	0,6,4,8,2,7,5,9
1218	7	0,4,1,7,8,6,9	0,6,4,8,1,9,7
1219	7	0,4,1,7,8,6,9	0,6,4,8,1,9,7
1220	7	0,4,1,7,8,6,9	0,6,4,8,1,9,7
1221	6	3,5,4,8,6,9	3,6,4,9,5,8
1222	7	0,4,1,7,8,6,9	0,6,4,8,1,9,7
1223	8	0,4,5,7,2,6,8,9	0,6,4,9,2,5,8,7
1224	8	0,4,5,2,6,9,8,7	0,6,4,8,5,7,2,9
1225	8	0,4,1,7,5,8,6,9	0,6,4,5,9,1,8,7
1226	7	0,4,1,7,8,6,9	0,6,4,8,1,9,7
1227	8	0,4,5,8,2,6,3,7	0,6,4,7,2,5,3,8
1228	8	0,4,5,8,2,6,3,7	0,6,4,7,2,5,3,8
1229	8	0,4,5,8,2,6,3,7	0,6,4,7,2,5,3,8
1230	8	0,4,5,8,2,6,3,7	0,6,4,7,2,5,3,8
1231	8	0,4,5,8,2,6,3,7	0,6,4,7,2,5,3,8
1232	8	0,4,5,8,2,6,3,7	0,6,4,7,2,5,3,8
1233	8	0,4,5,8,2,6,3,7	0,6,4,7,2,5,3,8
1234	8	0,4,5,8,2,6,3,7	0,6,4,7,2,5,3,8
1235	8	0,4,5,8,2,6,3,7	0,6,4,7,2,5,3,8
1236	8	0,4,5,8,2,6,3,7	0,6,4,7,2,5,3,8
1237	8	0,4,5,8,2,6,3,7	0,6,4,7,2,5,3,8
1238	8	0,4,5,8,2,6,3,7	0,6,4,7,2,5,3,8
1239	8	0,4,5,8,2,6,3,7	0,6,4,7,2,5,3,8
1240	8	0,4,5,8,2,6,3,7	0,6,4,7,2,5,3,8
1241	8	0,4,5,8,2,6,3,7	0,6,4,7,2,5,3,8
1242	8	0,4,5,8,2,6,3,7	0,6,4,7,2,5,3,8
1243	8	0,4,5,8,2,6,3,7	0,6,4,7,2,5,3,8
1244	8	0,4,5,8,2,6,3,7	0,6,4,7,2,5,3,8
1245	8	0,4,5,8,2,6,3,7	0,6,4,7,2,5,3,8
1246	8	0,4,5,8,2,6,3,7	0,6,4,7,2,5,3,8
1247	8	0,4,5,8,2,6,3,7	0,6,4,7,2,5,3,8
1248	8	0,4,5,8,2,6,3,7	0,6,4,7,2,5,3,8
1249	8	0,4,5,9,2,6,3,7	0,6,4,7,2,5,3,9
1250	7	0,6,2,7,9,3,8	0,7,3,6,8,2,9
1251	7	0,6,2,7,9,3,8	0,7,3,6,8,2,9
1252	8	0,4,1,7,2,8,6,9	0,7,4,6,2,9,1,8
1253	8	0,4,1,7,2,9,6,8	0,6,2,8,1,9,4,7
1254	8	0,4,5,9,2,6,3,7	0,6,4,7,2,5,3,9
1255	8	0,4,5,9,2,6,3,7	0,6,4,7,2,5,3,9
1256	8	0,4,1,7,2,8,6,9	0,7,4,6,2,9,1,8
1257	8	0,4,1,7,2,8,9,6	0,7,4,6,2,9,1,8
1258	7	0,6,2,7,9,3,8	0,7,3,6,8,2,9
1259	7	0,4,6,2,7,9,8	0,6,8,2,9,4,7
1260	7	0,4,6,2,7,9,8	0,6,8,2,9,4,7
1261	7	0,4,1,7,9,8,6	0,7,4,6,9,1,8
1262	7	0,4,1,7,9,8,6	0,7,4,6,9,1,8
1263	7	0,4,1,7,9,8,6	0,7,4,6,9,1,8
1264	7	0,4,1,7,9,8,6	0,7,4,6,9,1,8
1265	7	0,4,5,8,6,2,9	0,6,4,9,5,2,8
1266	7	0,6,2,7,9,3,8	0,7,3,6,8,2,9
1267	8	0,4,5,8,2,6,3,7	0,6,4,7,2,5,3,8
1268	8	0,4,5,8,2,6,3,7	0,6,4,7,2,5,3,8
1269	8	0,4,5,7,2,6,3,9	0,6,4,9,2,5,3,7
1270	8	0,4,5,7,2,6,3,9	0,6,4,9,2,5,3,7
1271	8	0,4,5,7,2,6,3,9	0,6,4,9,2,5,3,7
1272	8	0,6,2,5,7,9,3,8	0,7,2,8,5,3,6,9
1273	8	0,4,1,7,5,8,2,9	0,7,2,5,4,9,1,8
1274	9	0,4,6,2,7,3,9,1,8	0,6,3,8,2,9,4,1,7
1275	6	2,5,3,7,9,8	2,7,5,8,3,9
1276	6	2,5,3,7,9,8	2,7,5,8,3,9
1277	8	0,4,1,7,5,8,2,9	0,7,2,5,4,9,1,8
1278	6	2,5,3,7,9,8	2,7,5,8,3,9
1279	6	2,5,3,7,9,8	2,7,5,8,3,9
1280	8	0,4,1,7,5,8,2,9	0,7,2,5,4,9,1,8
1281	6	2,5,3,7,9,8	2,7,5,8,3,9
1282	8	0,6,2,5,7,3,8,9	0,7,2,9,6,3,5,8
1283	6	2,5,3,7,9,8	2,7,5,8,3,9
1284	8	0,6,2,5,9,7,3,8	0,7,2,8,5,3,6,9
1285	8	0,4,5,7,2,8,9,6	0,7,9,4,6,2,5,8
1286	7	0,4,5,7,9,2,8	0,7,2,5,8,4,9
1287	8	0,4,5,7,2,6,3,8	0,6,4,8,2,5,3,7
1288	7	0,4,5,7,9,2,8	0,7,2,5,8,4,9
1289	7	2,5,3,6,9,4,8	2,6,4,5,8,3,9
1290	7	0,6,2,7,9,3,8	0,7,3,6,8,2,9
1291	7	0,6,2,7,9,3,8	0,7,3,6,8,2,9
1292	8	0,4,5,7,2,6,3,8	0,6,4,8,2,5,3,7
1293	7	2,5,3,6,8,4,9	2,6,4,5,9,3,8
1294	8	0,4,5,7,2,6,3,8	0,6,4,8,2,5,3,7
1295	8	0,4,5,7,2,6,3,8	0,6,4,8,2,5,3,7
1296	6	2,5,3,8,6,9	2,6,3,9,5,8
1297	7	0,4,5,8,6,2,9	0,6,4,9,5,2,8
1298	7	0,6,2,7,9,3,8	0,7,3,6,8,2,9
1299	8	0,4,1,7,5,8,2,9	0,7,2,5,4,9,1,8
1300	8	0,4,1,7,9,2,6,8	0,6,4,9,1,8,2,7
1301	7	0,6,2,7,9,5,8	0,7,5,2,8,6,9
1302	6	2,5,3,8,6,9	2,6,3,9,5,8
1303	7	0,6,2,7,9,5,8	0,7,5,2,8,6,9
1304	7	2,6,3,7,9,5,8	2,7,5,3,8,6,9
1305	7	0,4,5,7,9,2,8	0,7,2,5,8,4,9
1306	7	1,4,5,7,9,2,8	1,7,2,5,8,4,9
1307	7	0,4,1,7,9,5,8	0,7,5,4,8,1,9
1308	8	0,4,1,7,9,6,2,8	0,6,4,8,1,9,2,7
1309	6	2,5,3,8,6,9	2,6,3,9,5,8
1310	7	1,4,5,7,9,2,8	1,7,2,5,8,4,9
1311	7	2,6,3,7,9,5,8	2,7,5,3,8,6,9
1312	7	0,4,5,7,2,9,6	0,7,4,6,2,5,9
1313	8	0,4,5,8,2,6,3,9	0,6,4,9,2,5,3,8
1314	8	0,4,5,8,2,6,3,9	0,6,4,9,2,5,3,8
1315	7	0,4,5,7,2,9,6	0,7,4,6,2,5,9
1316	8	0,6,2,5,7,9,3,8	0,7,2,8,5,3,6,9
1317	9	0,4,1,7,2,6,9,5,8	0,6,4,5,2,8,1,9,7
1318	7	0,4,1,7,5,8,9	0,7,4,5,9,1,8
1319	7	0,4,5,7,2,8,9	0,7,4,9,2,5,8
1320	7	0,4,5,7,2,9,6	0,7,4,6,2,5,9
1321	7	0,4,1,7,5,8,9	0,7,4,5,9,1,8
1322	7	1,4,5,7,2,8,9	1,7,4,9,2,5,8
1323	7	0,4,5,7,2,8,9	0,7,4,9,2,5,8
1324	7	0,4,1,7,5,8,9	0,7,4,5,9,1,8
1325	7	0,4,1,7,5,8,9	0,7,4,5,9,1,8
1326	7	1,4,5,7,2,8,9	1,7,4,9,2,5,8
1327	8	0,4,1,7,2,8,9,6	0,7,4,6,2,9,1,8
1328	8	0,6,2,5,7,9,3,8	0,7,2,8,5,3,6,9
1329	7	1,4,5,7,2,8,9	1,7,4,9,2,5,8
1330	7	0,4,1,7,5,8,9	0,7,4,5,9,1,8
1331	8	0,4,1,7,2,8,9,6	0,7,4,6,2,9,1,8
1332	8	0,4,5,7,2,8,9,6	0,7,9,4,6,2,5,8
1333	7	0,4,5,7,2,9,6	0,7,4,6,2,5,9
1334	8	0,4,1,7,9,2,6,8	0,6,4,7,2,8,1,9
1335	8	0,4,1,7,2,8,6,9	0,7,4,6,2,9,1,8
1336	7	0,4,5,7,2,9,6	0,7,4,6,2,5,9
1337	8	0,6,2,5,7,9,3,8	0,7,2,8,6,3,5,9
1338	8	0,4,1,7,2,9,6,8	0,6,2,8,1,9,4,7
1339	8	0,4,1,7,2,9,8,6	0,7,4,6,2,8,1,9
1340	8	0,4,1,7,2,8,6,9	0,7,4,6,2,9,1,8
1341	7	0,4,5,7,2,9,6	0,7,4,6,2,5,9
1342	8	0,4,5,7,2,6,8,9	0,7,4,6,9,5,2,8
1343	8	0,4,1,7,2,8,9,6	0,7,4,6,2,9,1,8
1344	7	0,4,6,2,7,9,8	0,6,8,2,9,4,7
1345	8	0,4,1,7,2,9,8,6	0,7,4,6,2,8,1,9
1346	8	0,6,2,5,7,9,3,8	0,7,2,8,6,3,5,9
1347	7	0,4,6,2,7,9,8	0,6,8,2,9,4,7
1348	7	0,4,1,7,9,8,6	0,7,4,6,9,1,8
1349	7	0,4,1,7,9,8,6	0,7,4,6,9,1,8
1350	7	0,4,1,7,9,8,6	0,7,4,6,9,1,8
1351	7	0,4,1,7,9,8,6	0,7,4,6,9,1,8
1352	7	0,4,1,7,9,8,6	0,7,4,6,9,1,8
1353	7	0,4,1,7,9,8,6	0,7,4,6,9,1,8
1354	6	2,5,3,8,6,9	2,6,3,9,5,8
1355	7	0,4,5,7,2,8,6	0,7,4,6,2,5,8
1356	6	2,5,3,8,6,9	2,6,3,9,5,8
1357	7	0,4,5,7,2,8,6	0,7,4,6,2,5,8
1358	7	0,4,5,7,2,8,6	0,7,4,6,2,5,8
1359	6	2,5,3,8,6,9	2,6,3,9,5,8
1360	7	2,5,3,6,9,4,7	2,6,4,5,7,3,9
1361	8	0,4,5,8,2,6,3,9	0,6,4,9,2,5,3,8
1362	7	2,5,3,6,9,4,7	2,6,4,5,7,3,9
1363	9	0,4,6,2,7,1,8,3,9	0,6,3,7,4,1,9,2,8
1364	9	0,4,1,7,2,6,9,5,8	0,6,4,7,5,2,8,1,9
1365	7	1,4,5,7,2,8,9	1,7,4,9,2,5,8
1366	7	2,5,3,6,9,4,7	2,6,4,5,7,3,9
1367	9	0,4,6,2,7,1,8,3,9	0,6,3,7,4,1,9,2,8
1368	7	1,4,5,7,2,8,9	1,7,4,9,2,5,8
1369	6	2,5,3,7,9,8	2,7,5,8,3,9
1370	6	2,5,3,7,9,8	2,7,5,8,3,9
1371	7	1,4,5,7,2,8,9	1,7,4,9,2,5,8
1372	6	2,5,3,7,9,8	2,7,5,8,3,9
1373	7	1,4,5,7,2,8,9	1,7,4,9,2,5,8
1374	8	0,4,5,7,2,8,9,6	0,8,5,2,6,4,7,9
1375	8	0,4,5,7,2,8,9,6	0,8,5,2,6,4,7,9
1376	7	2,5,3,6,9,4,7	2,6,4,5,7,3,9
1377	8	0,4,1,7,9,2,6,8	0,6,4,7,2,8,1,9
1378	7	2,5,3,6,9,4,7	2,6,4,5,7,3,9
1379	8	0,4,1,7,9,2,6,8	0,6,4,7,2,8,1,9
1380	8	0,4,1,7,9,2,6,8	0,6,4,7,2,8,1,9
1381	8	1,4,6,8,2,7,3,9	1,7,4,9,2,6,3,8
1382	7	2,5,3,6,9,4,7	2,6,4,5,7,3,9
1383	8	1,4,5,7,2,6,8,9	1,7,4,6,9,5,2,8
1384	8	1,4,5,7,2,6,8,9	1,7,4,6,9,5,2,8
1385	8	0,4,1,7,9,2,6,8	0,6,4,7,2,8,1,9
1386	8	0,4,1,7,9,2,6,8	0,6,4,7,2,8,1,9
1387	8	0,4,1,7,9,2,6,8	0,6,4,7,2,8,1,9
1388	8	0,4,1,7,9,2,6,8	0,6,4,7,2,8,1,9
1389	8	0,4,1,7,9,2,6,8	0,6,4,7,2,8,1,9
1390	7	2,5,3,6,8,9,7	2,6,9,5,7,3,8
1391	7	2,5,3,6,8,9,7	2,6,9,5,7,3,8
1392	7	0,4,5,8,6,2,9	0,6,4,9,5,2,8
1393	7	2,6,3,7,9,5,8	2,7,5,3,8,6,9
1394	8	0,4,5,2,7,9,6,8	0,6,2,8,5,7,4,9
1395	7	2,5,3,6,7,4,9	2,6,4,5,9,3,7
1396	8	0,4,5,8,2,6,3,9	0,6,4,9,2,5,3,8
1397	9	0,4,6,2,7,1,8,3,9	0,6,3,7,4,1,9,2,8
1398	9	0,4,1,7,2,6,9,5,8	0,6,7,4,5,2,8,1,9
1399	7	2,5,3,6,7,4,9	2,6,4,5,9,3,7
1400	8	0,4,5,8,2,6,3,9	0,6,4,9,2,5,3,8
1401	8	0,4,1,7,6,2,8,9	0,6,4,7,2,9,1,8
1402	8	0,4,1,7,6,2,8,9	0,6,4,7,2,9,1,8
1403	8	0,4,1,7,6,2,8,9	0,6,4,7,2,9,1,8
1404	8	0,4,1,7,6,2,8,9	0,6,4,7,2,9,1,8
1405	7	2,5,3,6,7,9,8	2,6,9,5,8,3,7
1406	7	2,5,3,6,7,9,8	2,6,9,5,8,3,7
1407	7	0,4,5,7,6,2,9	0,6,4,9,5,2,7
1408	7	0,4,5,7,6,2,9	0,6,4,9,5,2,7
1409	8	0,4,1,7,6,9,2,8	0,7,2,6,4,8,1,9
1410	8	0,4,5,9,2,6,3,8	0,6,4,8,2,5,3,9
1411	9	0,4,1,7,5,9,6,2,8	0,6,7,2,5,4,8,1,9
1412	8	0,4,1,7,9,6,2,8	0,6,4,8,1,9,2,7
1413	7	0,4,5,7,6,2,9	0,6,4,9,5,2,7
1414	8	0,4,1,7,6,2,8,9	0,6,4,8,1,9,2,7
1415	8	0,4,5,9,2,6,3,8	0,6,4,8,2,5,3,9
1416	8	0,6,2,7,5,3,8,9	0,7,6,3,9,5,2,8
1417	8	0,4,1,7,6,2,9,8	0,6,4,9,1,8,2,7
1418	7	0,4,6,2,8,9,7	0,6,7,2,9,4,8
1419	8	0,4,5,9,2,6,3,8	0,6,4,8,2,5,3,9
1420	8	0,6,2,7,5,3,8,9	0,7,6,3,9,5,2,8
1421	7	0,4,6,2,8,9,7	0,6,7,2,9,4,8
1422	7	0,4,1,7,6,9,8	0,6,4,8,1,9,7
1423	7	0,4,1,7,6,9,8	0,6,4,8,1,9,7
1424	7	0,4,1,7,6,9,8	0,6,4,8,1,9,7
1425	7	0,4,1,7,6,9,8	0,6,4,8,1,9,7
1426	7	0,4,1,7,6,9,8	0,6,4,8,1,9,7
1427	7	0,4,1,7,6,9,8	0,6,4,8,1,9,7
1428	7	0,4,5,7,6,2,9	0,6,4,9,5,2,7
1429	7	0,4,5,7,6,2,9	0,6,4,9,5,2,7
1430	8	0,4,5,7,6,9,3,8	0,6,3,5,8,4,9,7
1431	7	0,4,5,8,3,9,6	0,8,4,6,3,5,9
1432	8	0,4,5,7,6,9,3,8	0,6,3,5,8,4,9,7
1433	7	0,4,5,7,6,2,9	0,6,4,9,5,2,7
1434	8	0,6,2,7,5,3,8,9	0,7,6,3,9,2,5,8
1435	7	0,4,5,8,3,9,6	0,8,4,6,3,5,9
1436	8	0,4,1,7,5,8,9,6	0,7,6,4,5,9,1,8
1437	8	0,6,2,7,5,3,8,9	0,7,6,3,9,2,5,8
1438	7	0,4,1,7,9,5,8	0,7,5,4,8,1,9
1439	8	0,4,5,2,6,7,9,8	0,6,4,8,5,9,2,7
1440	7	0,4,1,7,6,9,8	0,6,4,8,1,9,7
1441	7	0,4,1,7,6,9,8	0,6,4,8,1,9,7
1442	7	0,4,1,7,6,9,8	0,6,4,8,1,9,7
1443	7	0,4,5,7,6,2,8	0,6,4,8,5,2,7
1444	7	0,4,5,7,6,2,8	0,6,4,8,5,2,7
1445	7	0,4,5,7,6,2,8	0,6,4,8,5,2,7
1446	5	0,3,5,8,9	0,5,9,3,8
1447	5	0,3,5,8,9	0,5,9,3,8
1448	6	1,6,2,8,7,9	1,7,2,9,6,8
1449	5	0,3,5,8,9	0,5,9,3,8
1450	5	1,4,6,8,9	1,6,9,4,8
1451	5	0,3,5,8,9	0,5,9,3,8
1452	6	0,3,5,8,9,7	0,5,9,3,7,8
1453	5	0,3,5,8,9	0,5,9,3,8
1454	6	0,3,5,8,9,7	0,5,9,3,7,8
1455	5	1,4,6,8,9	1,6,9,4,8
1457	5	0,3,5,8,9	0,5,9,3,8
1458	6	0,5,3,8,7,9	0,7,3,9,5,8
1459	5	0,3,5,8,9	0,5,9,3,8
1460	6	1,6,2,8,7,9	1,7,2,9,6,8
1461	5	1,4,6,8,9	1,6,9,4,8
1462	6	0,3,5,8,9,7	0,5,9,3,7,8
1463	6	0,3,5,8,9,7	0,5,9,3,7,8
1464	5	1,4,6,8,9	1,6,9,4,8
1465	6	0,5,3,8,7,9	0,7,3,9,5,8
1466	5	0,3,5,8,9	0,5,9,3,8
1467	5	0,3,5,8,9	0,5,9,3,8
1468	5	0,3,5,8,9	0,5,9,3,8
1469	5	0,3,5,8,9	0,5,9,3,8
1470	5	1,4,6,8,9	1,6,9,4,8
1471	5	0,3,5,8,9	0,5,9,3,8
1472	5	1,4,7,8,9	1,7,9,4,8
1473	5	0,3,5,8,9	0,5,9,3,8
1474	6	1,6,2,8,7,9	1,7,2,9,6,8
1475	7	1,4,6,8,2,9,7	1,8,4,7,2,6,9
1476	5	0,3,5,8,9	0,5,9,3,8
1477	7	1,4,6,2,8,7,9	1,6,9,2,7,4,8
1478	5	0,3,5,8,9	0,5,9,3,8
1479	5	1,4,7,8,9	1,7,9,4,8
1480	6	1,6,2,8,7,9	1,7,2,9,6,8
1481	5	0,3,5,8,9	0,5,9,3,8
1482	5	0,3,5,8,9	0,5,9,3,8
1483	5	0,3,5,8,9	0,5,9,3,8
1484	6	1,6,2,8,7,9	1,7,2,9,6,8
1485	6	1,6,2,8,7,9	1,7,2,9,6,8
1486	5	1,4,6,8,9	1,6,9,4,8
1487	5	0,3,5,7,9	0,5,9,3,7
1488	5	0,3,5,7,9	0,5,9,3,7
1489	5	0,3,5,7,9	0,5,9,3,7
1490	5	0,3,5,7,9	0,5,9,3,7
1491	5	0,3,5,7,9	0,5,9,3,7
1492	5	0,3,5,8,9	0,5,9,3,8
1493	5	0,3,5,7,8	0,5,8,3,7
1494	5	0,3,5,7,8	0,5,8,3,7
1495	5	0,3,5,7,9	0,5,9,3,7
1496	5	1,4,6,8,9	1,6,9,4,8
1497	5	0,3,5,7,9	0,5,9,3,7
1498	5	1,4,6,8,9	1,6,9,4,8
1499	5	1,4,6,7,9	1,6,9,4,7
1500	5	1,4,6,7,9	1,6,9,4,7
1501	5	1,4,6,7,9	1,6,9,4,7
1502	5	1,4,6,7,9	1,6,9,4,7
1503	5	0,3,5,8,9	0,5,9,3,8
1504	5	0,3,5,8,9	0,5,9,3,8
1505	5	1,4,6,7,9	1,6,9,4,7
1506	5	0,3,5,8,9	0,5,9,3,8
1507	5	0,3,5,8,9	0,5,9,3,8
1508	5	0,3,5,8,9	0,5,9,3,8
1509	7	1,4,6,2,7,9,8	1,6,9,2,8,4,7
1510	7	0,3,7,1,8,4,9	0,7,4,1,9,3,8
1511	5	0,3,5,8,9	0,5,9,3,8
1512	5	0,3,5,8,9	0,5,9,3,8
1513	7	1,4,6,2,7,9,8	1,6,9,2,8,4,7
1514	8	0,3,7,1,4,9,6,8	0,7,4,6,1,8,3,9
1515	5	0,3,5,8,9	0,5,9,3,8
1516	5	0,3,5,8,9	0,5,9,3,8
1517	7	1,4,6,2,7,9,8	1,6,8,2,9,4,7
1518	5	0,3,5,8,9	0,5,9,3,8
1519	7	1,4,6,8,2,9,7	1,8,4,7,2,6,9
1520	5	1,4,6,8,9	1,6,9,4,8
1521	7	1,4,6,2,7,9,8	1,6,8,2,9,4,7
1522	7	1,4,6,2,7,9,8	1,6,9,2,8,4,7
1523	5	1,4,6,8,9	1,6,9,4,8
1524	6	0,5,3,8,7,9	0,7,3,9,5,8
1525	5	0,3,5,8,9	0,5,9,3,8
1526	6	0,3,5,8,7,9	0,5,9,8,3,7
1527	5	0,3,5,8,9	0,5,9,3,8
1528	7	1,4,6,2,8,7,9	1,6,9,2,7,4,8
1529	6	0,3,5,8,9,7	0,5,9,3,7,8
1530	5	1,4,7,8,9	1,7,9,4,8
1531	7	0,3,7,1,8,4,9	0,7,4,1,9,3,8
1532	7	0,3,7,1,8,4,9	0,7,4,1,9,3,8
1533	7	1,4,6,8,7,2,9	1,7,4,9,6,2,8
1534	7	1,4,6,8,7,2,9	1,7,4,9,6,2,8
1535	5	0,3,5,7,9	0,5,9,3,7
1536	5	0,3,5,7,9	0,5,9,3,7
1537	5	0,3,5,8,9	0,5,9,3,8
1538	6	0,5,3,7,9,8	0,7,5,8,3,9
1539	5	0,3,5,7,9	0,5,9,3,7
1540	5	0,3,5,7,9	0,5,9,3,7
1541	5	1,4,6,8,9	1,6,9,4,8
1542	5	0,3,5,7,9	0,5,9,3,7
1543	5	1,4,6,8,9	1,6,9,4,8
1544	5	0,3,5,7,9	0,5,9,3,7
1545	5	0,3,5,7,9	0,5,9,3,7
1546	5	0,3,5,8,9	0,5,9,3,8
1547	5	0,3,5,7,9	0,5,9,3,7
1548	6	0,5,3,7,9,8	0,7,5,8,3,9
1549	5	0,3,5,7,8	0,5,8,3,7
1550	5	0,3,5,7,8	0,5,8,3,7
1551	9	0,3,5,7,1,4,8,6,9	0,5,8,1,6,4,9,3,7
1552	5	0,3,5,7,8	0,5,8,3,7
1553	9	0,3,5,7,1,4,8,6,9	0,5,9,4,6,1,8,3,7
1554	5	0,3,5,7,8	0,5,8,3,7
1555	7	1,4,6,2,8,9,7	1,6,7,2,9,4,8
1556	5	0,3,5,8,9	0,5,9,3,8
1557	8	0,3,5,8,2,9,6,7	0,5,9,3,7,2,6,8
1558	5	1,4,6,8,9	1,6,9,4,8
1559	8	0,3,7,1,6,9,4,8	0,7,6,4,1,8,3,9
1560	5	0,3,5,8,9	0,5,9,3,8
1561	5	0,3,5,8,9	0,5,9,3,8
1562	7	1,4,6,2,8,9,7	1,6,7,2,9,4,8
1563	5	0,3,5,8,9	0,5,9,3,8
1564	7	1,4,6,7,9,2,8	1,7,2,6,8,4,9
1565	5	1,4,6,8,9	1,6,9,4,8
1566	6	1,6,2,7,9,8	1,7,6,8,2,9
1567	7	1,4,6,2,8,9,7	1,6,7,2,9,4,8
1568	5	1,4,6,8,9	1,6,9,4,8
1569	7	0,3,7,2,8,6,9	0,7,6,2,9,3,8
1570	5	0,3,5,8,9	0,5,9,3,8
1571	5	0,3,5,8,9	0,5,9,3,8
1572	8	0,3,5,8,2,7,6,9	0,5,9,2,6,8,3,7
1573	7	1,4,6,2,8,7,9	1,6,7,2,9,4,8
1574	6	1,6,2,7,8,9	1,7,6,9,2,8
1575	6	0,3,5,8,9,7	0,5,9,3,7,8
1576	6	0,3,5,8,9,7	0,5,9,3,7,8
1577	6	0,3,5,8,9,7	0,5,9,3,7,8
1578	6	0,5,3,8,7,9	0,7,3,9,5,8
1579	5	0,3,5,8,9	0,5,9,3,8
1580	5	0,3,5,8,9	0,5,9,3,8
1581	6	0,3,5,8,7,9	0,5,9,8,3,7
1582	7	1,4,6,2,8,7,9	1,6,8,4,9,2,7
1583	6	0,3,5,8,9,7	0,5,9,3,7,8
1584	5	2,6,7,8,9	2,7,9,6,8
1585	7	0,3,7,1,8,6,9	0,7,6,1,9,3,8
1586	7	1,4,6,7,9,2,8	1,7,2,6,8,4,9
1587	7	1,4,6,7,8,2,9	1,7,2,6,9,4,8
1588	7	0,3,7,2,8,6,9	0,7,6,2,9,3,8
1589	5	1,4,6,7,9	1,6,9,4,7
1590	5	1,4,6,7,9	1,6,9,4,7
1591	5	1,4,6,7,9	1,6,9,4,7
1592	5	0,3,5,8,9	0,5,9,3,8
1593	5	0,3,5,8,9	0,5,9,3,8
1594	5	0,3,5,8,9	0,5,9,3,8
1595	5	1,4,6,7,9	1,6,9,4,7
1596	5	1,4,6,7,9	1,6,9,4,7
1597	5	0,3,5,8,9	0,5,9,3,8
1598	5	0,3,5,8,9	0,5,9,3,8
1599	5	0,3,5,8,9	0,5,9,3,8
1600	5	1,4,6,7,9	1,6,9,4,7
1601	5	1,4,6,7,9	1,6,9,4,7
1602	5	1,4,6,8,9	1,6,9,4,8
1603	6	1,6,2,7,9,8	1,7,6,8,2,9
1604	6	1,6,2,7,9,8	1,7,6,8,2,9
1605	5	1,4,6,7,9	1,6,9,4,7
1606	5	0,3,5,8,9	0,5,9,3,8
1607	5	0,3,5,8,9	0,5,9,3,8
1608	5	0,3,5,8,9	0,5,9,3,8
1609	5	1,4,6,7,9	1,6,9,4,7
1610	5	1,4,6,7,9	1,6,9,4,7
1611	6	1,6,2,7,8,9	1,7,6,9,2,8
1612	5	1,4,7,8,9	1,7,9,4,8
1613	6	1,6,2,7,8,9	1,7,6,9,2,8
1614	5	1,4,6,7,9	1,6,9,4,7
1615	5	0,3,5,8,9	0,5,9,3,8
1616	5	0,3,5,8,9	0,5,9,3,8
1617	5	1,4,6,7,9	1,6,9,4,7
1618	5	1,4,6,7,9	1,6,9,4,7
1619	6	1,6,2,7,8,9	1,7,6,9,2,8
1620	6	1,6,2,7,9,8	1,7,6,8,2,9
1621	5	2,6,7,8,9	2,7,9,6,8
1622	7	1,4,7,2,8,6,9	1,7,6,2,9,4,8
1623	7	1,4,6,7,9,2,8	1,7,2,6,8,4,9
1624	7	1,4,6,8,7,2,9	1,7,4,9,6,2,8
1625	5	1,4,6,7,8	1,6,8,4,7
1626	5	0,3,5,7,9	0,5,9,3,7
1627	5	0,3,5,7,9	0,5,9,3,7
1628	5	0,3,5,7,9	0,5,9,3,7
1629	5	0,3,5,8,9	0,5,9,3,8
1630	5	0,3,5,7,9	0,5,9,3,7
1631	6	0,5,3,7,9,8	0,7,5,8,3,9
1632	5	0,3,5,7,9	0,5,9,3,7
1633	5	1,4,6,8,9	1,6,9,4,8
1634	5	0,3,5,7,9	0,5,9,3,7
1635	5	1,4,6,8,9	1,6,9,4,8
1636	5	0,3,5,7,9	0,5,9,3,7
1637	6	0,5,3,7,8,9	0,7,5,9,3,8
1638	5	0,3,5,7,9	0,5,9,3,7
1639	6	0,3,5,7,8,9	0,5,9,7,3,8
1640	7	0,3,7,2,8,6,9	0,7,6,2,9,3,8
1641	5	0,3,5,7,9	0,5,9,3,7
1642	7	0,3,7,2,8,6,9	0,7,6,2,9,3,8
1643	7	0,3,7,1,8,4,9	0,7,4,1,9,3,8
1644	6	0,5,3,7,9,8	0,7,5,8,3,9
1645	7	1,4,6,2,7,9,8	1,6,9,2,8,4,7
1646	5	0,3,5,7,9	0,5,9,3,7
1647	7	0,3,7,1,8,4,9	0,7,4,1,9,3,8
1648	7	0,3,7,1,8,4,9	0,7,4,1,9,3,8
1649	8	0,3,7,4,6,9,1,8	0,7,6,1,4,8,3,9
1650	5	1,4,6,7,9	1,6,9,4,7
1651	5	0,3,5,8,9	0,5,9,3,8
1652	5	0,3,5,8,9	0,5,9,3,8
1653	7	1,4,6,2,7,9,8	1,6,7,4,8,2,9
1654	7	1,4,6,2,7,9,8	1,6,7,4,8,2,9
1655	5	0,3,5,8,9	0,5,9,3,8
1656	5	1,4,6,7,9	1,6,9,4,7
1657	7	0,3,7,1,8,6,9	0,7,6,1,9,3,8
1658	8	0,3,7,4,6,8,1,9	0,7,6,1,4,9,3,8
1659	5	1,4,6,7,9	1,6,9,4,7
1660	7	0,3,7,2,8,6,9	0,7,6,2,9,3,8
1661	5	0,3,5,8,9	0,5,9,3,8
1662	7	1,4,6,7,2,8,9	1,7,4,9,2,6,8
1663	5	0,3,5,8,9	0,5,9,3,8
1664	6	1,6,2,7,9,8	1,7,6,8,2,9
1665	5	0,3,5,8,9	0,5,9,3,8
1666	7	1,4,6,2,7,9,8	1,6,8,2,9,4,7
1667	5	1,4,6,7,9	1,6,9,4,7
1668	7	1,4,7,2,8,6,9	1,7,6,2,9,4,8
1669	7	1,4,6,7,9,2,8	1,7,2,6,8,4,9
1670	5	1,4,6,7,9	1,6,9,4,7
1671	6	1,6,2,7,9,8	1,7,6,8,2,9
1672	6	1,6,2,7,9,8	1,7,6,8,2,9
1673	7	1,4,6,2,7,9,8	1,6,9,2,8,4,7
1674	6	1,6,2,7,9,8	1,7,6,8,2,9
1675	8	0,3,7,1,6,9,4,8	0,7,6,4,1,8,3,9
1676	5	0,3,5,7,9	0,5,9,3,7
1677	5	0,3,5,7,9	0,5,9,3,7
1678	5	0,3,5,8,9	0,5,9,3,8
1679	6	0,5,3,7,9,8	0,7,5,8,3,9
1680	5	0,3,5,7,9	0,5,9,3,7
1681	7	1,4,6,2,8,9,7	1,6,7,2,9,4,8
1682	6	0,5,3,7,9,8	0,7,5,8,3,9
1683	7	0,3,7,2,8,6,9	0,7,6,2,9,3,8
1684	5	0,3,5,7,9	0,5,9,3,7
1685	6	0,5,3,7,9,8	0,7,5,8,3,9
1686	9	0,3,5,7,1,6,9,4,8	0,5,8,3,7,6,4,1,9
1687	6	0,3,6,8,4,9	0,4,6,9,3,8
1688	8	0,3,6,1,9,5,4,8	0,5,1,4,6,8,3,9
1689	6	0,3,6,8,4,9	0,4,6,9,3,8
1690	8	0,3,6,1,4,5,7,9	0,4,6,9,3,7,1,5
1691	9	0,3,6,1,4,8,2,7,9	0,4,6,2,9,1,7,3,8
1692	6	0,3,6,8,4,9	0,4,6,9,3,8
1693	8	0,3,6,8,4,1,9,5	0,4,5,1,6,9,3,8
1694	8	0,3,6,1,4,5,9,8	0,4,6,8,3,9,1,5
1695	6	0,3,6,8,4,9	0,4,6,9,3,8
1696	8	0,3,6,1,4,5,9,8	0,4,6,8,3,9,1,5
1697	9	0,3,6,1,9,5,7,2,8	0,5,1,7,3,8,6,2,9
1698	6	0,3,6,8,4,9	0,4,6,9,3,8
1699	8	0,3,6,1,4,5,9,8	0,4,6,8,3,9,1,5
1700	8	0,3,7,1,9,8,4,5	0,4,1,5,7,9,3,8
1701	8	0,3,6,1,4,5,9,8	0,4,6,8,3,9,1,5
1702	8	1,4,5,7,9,2,8,6	1,5,9,8,4,6,2,7
1703	8	1,4,5,7,9,2,8,6	1,5,9,8,4,6,2,7
1704	8	0,3,6,1,4,5,9,8	0,4,6,8,3,9,1,5
1705	8	0,3,6,1,4,5,7,9	0,4,6,9,3,7,1,5
1706	9	0,3,6,1,4,8,2,7,9	0,4,6,2,9,1,7,3,8
1707	6	0,3,6,8,4,9	0,4,6,9,3,8
1708	8	0,3,7,1,9,8,4,5	0,4,1,5,7,9,3,8
1709	8	1,4,5,7,9,2,8,6	1,5,9,8,4,6,2,7
1710	8	0,3,6,1,4,5,7,9	0,4,6,9,3,7,1,5
1711	8	0,3,6,1,4,5,9,8	0,4,6,8,3,9,1,5
1712	8	1,4,5,7,9,2,8,6	1,5,9,8,4,6,2,7
1713	8	1,4,5,7,9,2,8,6	1,5,9,8,4,6,2,7
1714	8	1,4,5,7,9,2,8,6	1,5,9,8,4,6,2,7
1715	7	0,4,1,5,8,6,9	0,5,9,4,6,1,8
1716	6	2,6,3,8,7,9	2,7,3,9,6,8
1717	8	0,3,6,1,4,5,7,8	0,4,6,8,3,7,1,5
1718	6	2,6,3,8,7,9	2,7,3,9,6,8
1719	7	0,4,1,5,9,7,8	0,5,7,1,8,4,9
1720	7	1,4,6,2,8,7,9	1,6,8,4,9,2,7
1721	7	0,3,7,8,4,9,5	0,4,5,7,9,3,8
1722	8	0,3,6,1,4,5,7,8	0,4,6,8,3,7,1,5
1723	6	2,6,3,8,7,9	2,7,3,9,6,8
1724	8	0,3,7,1,8,4,9,5	0,4,1,5,7,8,3,9
1725	6	2,6,3,8,7,9	2,7,3,9,6,8
1726	7	1,4,6,8,5,9,7	1,5,7,8,4,9,6
1727	8	0,3,6,1,7,5,4,9	0,5,1,4,6,9,3,7
1728	6	0,4,1,5,7,9	0,5,4,9,1,7
1729	7	0,3,7,1,8,5,9	0,7,5,1,9,3,8
1730	7	0,3,7,5,8,1,9	0,5,1,7,9,3,8
1731	6	0,4,1,5,7,9	0,5,4,9,1,7
1732	8	0,3,6,1,9,4,5,7	0,4,6,9,3,7,1,5
1733	6	0,5,1,7,9,8	0,7,5,8,1,9
1734	6	0,4,1,5,7,9	0,5,4,9,1,7
1735	7	0,4,1,5,7,9,8	0,7,1,8,5,4,9
1736	6	0,5,1,7,9,8	0,7,5,8,1,9
1737	6	0,5,1,7,9,8	0,7,5,8,1,9
1738	8	0,3,6,1,4,5,7,9	0,4,6,9,3,7,1,5
1739	7	0,4,1,5,7,9,8	0,7,1,8,5,4,9
1740	8	0,3,7,1,4,9,8,5	0,4,5,1,8,3,9,7
1741	8	0,3,6,1,8,5,4,9	0,5,1,4,6,9,3,8
1742	8	0,3,6,4,1,8,5,9	0,4,5,1,6,9,3,8
1743	8	0,3,6,1,4,9,5,8	0,4,6,9,3,8,1,5
1744	8	0,3,6,1,4,9,5,8	0,4,6,9,3,8,1,5
1745	6	0,4,1,5,7,9	0,5,4,9,1,7
1746	6	0,4,1,5,9,7	0,5,4,7,1,9
1747	9	0,3,6,1,4,7,9,2,8	0,4,6,2,7,1,8,3,9
1748	8	0,3,6,1,4,9,5,8	0,4,6,9,3,8,1,5
1749	6	0,4,1,5,8,9	0,5,4,9,1,8
1750	8	0,3,6,1,4,5,8,9	0,4,6,9,3,8,1,5
1751	6	0,5,1,7,9,8	0,7,5,8,1,9
1752	7	0,4,1,5,7,9,8	0,5,8,1,7,4,9
1753	8	0,3,6,1,4,5,8,9	0,4,6,9,3,8,1,5
1754	8	0,3,6,1,4,7,9,8	0,4,6,9,3,8,1,7
1755	8	0,3,6,1,4,9,5,8	0,4,6,9,3,8,1,5
1756	8	0,3,7,4,1,9,5,8	0,4,5,1,8,3,9,7
1757	9	0,3,6,1,4,7,9,2,8	0,4,6,2,7,3,8,1,9
1758	5	0,4,5,7,9	0,5,9,4,7
1759	8	0,3,6,1,4,9,5,8	0,4,6,9,3,8,1,5
1760	7	0,3,7,4,5,9,8	0,4,9,3,8,5,7
1761	7	0,3,7,4,5,9,8	0,4,9,3,8,5,7
1762	6	0,4,1,5,8,9	0,5,4,9,1,8
1763	8	0,3,6,1,4,5,8,9	0,4,6,9,3,8,1,5
1764	8	0,3,6,1,9,4,5,8	0,4,6,9,3,8,1,5
1765	8	0,3,6,2,7,4,9,8	0,4,6,9,2,8,3,7
1766	7	0,3,7,4,5,9,8	0,4,9,3,8,5,7
1767	7	0,4,1,5,7,9,8	0,7,4,5,8,1,9
1768	7	0,3,7,4,9,8,5	0,4,5,7,9,3,8
1769	7	0,4,1,5,7,9,8	0,5,8,1,9,4,7
1770	6	0,3,7,5,9,8	0,5,8,3,9,7
1771	5	0,4,5,7,9	0,5,9,4,7
1772	7	0,4,1,5,7,9,8	0,5,8,1,9,4,7
1773	7	0,4,1,5,7,9,8	0,7,4,5,8,1,9
1774	8	0,3,6,1,4,5,8,9	0,4,6,9,3,8,1,5
1775	8	0,3,6,1,9,7,5,4	0,5,1,4,6,9,3,7
1776	7	0,4,1,5,7,9,8	0,5,8,1,9,4,7
1777	7	0,3,7,4,9,8,5	0,4,5,7,9,3,8
1778	8	0,3,6,1,7,4,5,8	0,4,6,7,3,8,1,5
1779	5	1,4,6,7,9	1,6,9,4,7
1780	5	1,4,6,7,9	1,6,9,4,7
1781	6	0,4,1,5,8,9	0,5,4,9,1,8
1782	7	1,6,2,7,3,8,9	1,7,6,3,9,2,8
1783	6	0,4,1,5,8,9	0,5,4,9,1,8
1784	8	0,3,6,1,7,4,5,8	0,4,6,7,3,8,1,5
1785	7	1,6,2,7,3,8,9	1,7,6,3,9,2,8
1786	6	0,4,1,5,8,9	0,5,4,9,1,8
1787	8	0,3,6,1,7,4,5,8	0,4,6,7,3,8,1,5
1788	8	0,3,6,1,7,4,5,8	0,4,6,7,3,8,1,5
1789	7	1,6,2,7,3,8,9	1,7,6,3,9,2,8
1790	8	0,3,6,1,7,4,5,8	0,4,6,7,3,8,1,5
1791	8	0,3,6,1,7,4,5,8	0,4,6,7,3,8,1,5
1792	8	0,3,6,1,7,4,5,8	0,4,6,7,3,8,1,5
1793	8	0,3,6,1,7,4,5,8	0,4,6,7,3,8,1,5
1794	8	0,3,6,1,7,4,5,8	0,4,6,7,3,8,1,5
1795	8	0,3,6,1,7,4,5,8	0,4,6,7,3,8,1,5
1796	8	0,3,6,1,7,4,5,8	0,4,6,7,3,8,1,5
1797	8	0,3,6,1,7,4,5,8	0,4,6,7,3,8,1,5
1798	7	0,4,1,6,7,5,9	0,5,4,6,9,1,7
1799	7	0,4,1,5,7,6,9	0,5,9,4,6,1,7
1800	6	0,4,1,5,7,9	0,5,4,9,1,7
1801	8	0,3,6,7,1,8,2,9	0,7,2,6,1,9,3,8
1802	7	0,4,1,5,7,6,9	0,5,4,6,1,9,7
1803	8	0,4,1,6,9,7,2,8	0,7,1,8,4,6,2,9
1804	8	0,3,6,1,9,5,4,8	0,4,6,9,3,8,1,5
1805	6	1,4,5,7,9,6	1,5,9,4,6,7
1806	7	0,3,6,4,8,1,9	0,4,1,6,9,3,8
1807	9	0,3,6,1,7,2,9,4,8	0,4,1,9,3,8,2,6,7
1808	8	0,3,6,1,4,5,9,8	0,4,6,9,3,8,1,5
1809	8	0,3,6,1,4,5,9,8	0,4,6,9,3,8,1,5
1810	7	0,4,1,6,7,9,8	0,7,1,8,4,6,9
1811	8	1,6,2,7,5,8,4,9	1,7,6,4,5,9,2,8
1812	8	1,4,5,7,6,9,2,8	1,5,8,4,9,7,2,6
1813	8	1,4,5,7,6,9,2,8	1,5,8,4,6,2,7,9
1814	7	0,4,1,5,9,6,7	0,5,4,6,1,7,9
1815	8	1,4,5,7,6,9,2,8	1,5,8,4,6,2,7,9
1816	6	1,4,5,7,9,6	1,5,9,4,6,7
1817	8	0,3,6,1,4,5,8,9	0,4,6,9,3,8,1,5
1818	8	0,3,6,1,4,5,8,9	0,4,6,9,3,8,1,5
1819	8	1,4,5,7,2,6,9,8	1,5,8,2,9,4,6,7
1820	7	1,5,7,2,8,9,6	1,7,6,2,9,5,8
1821	7	1,5,7,2,8,9,6	1,7,6,2,9,5,8
1822	7	1,5,7,2,8,9,6	1,7,6,2,9,5,8
1823	7	0,4,1,5,8,9,7	0,5,7,1,8,4,9
1824	8	0,3,6,1,4,8,9,7	0,4,6,7,1,8,3,9
1825	8	0,3,6,1,4,5,8,9	0,4,6,9,3,8,1,5
1826	7	1,4,6,2,8,9,7	1,6,7,2,9,4,8
1827	7	1,5,7,2,8,9,6	1,7,6,2,9,5,8
1828	8	0,3,6,4,5,7,1,9	0,4,1,6,7,3,9,5
1829	8	0,3,6,1,4,5,7,9	0,4,6,9,3,7,1,5
1830	8	1,4,5,7,6,9,2,8	1,5,8,4,6,2,7,9
1831	6	1,4,5,7,9,6	1,5,9,4,6,7
1832	6	0,4,1,5,8,9	0,5,4,9,1,8
1833	8	0,3,6,7,1,5,4,9	0,4,1,6,9,3,7,5
1834	7	1,5,7,2,8,9,6	1,7,6,2,9,5,8
1835	8	0,3,6,1,4,5,7,9	0,4,6,9,3,7,1,5
1836	7	1,4,6,2,8,9,7	1,6,7,2,9,4,8
1837	8	0,3,6,1,7,5,8,4	0,5,1,4,6,7,3,8
1838	8	0,3,6,1,7,5,8,4	0,5,1,4,6,7,3,8
1839	8	0,3,6,1,7,5,8,4	0,5,1,4,6,7,3,8
1840	8	0,3,6,1,7,5,8,4	0,5,1,4,6,7,3,8
1841	8	0,3,6,1,7,5,8,4	0,5,1,4,6,7,3,8
1842	8	0,3,6,1,7,5,8,4	0,5,1,4,6,7,3,8
1843	8	0,3,6,1,7,5,8,4	0,5,1,4,6,7,3,8
1844	6	1,4,5,7,9,6	1,5,9,4,6,7
1845	6	1,4,5,7,9,6	1,5,9,4,6,7
1846	6	1,4,5,7,9,6	1,5,9,4,6,7
1847	8	0,3,6,1,7,5,8,4	0,5,1,4,6,7,3,8
1848	5	0,4,5,8,9	0,5,9,4,8
1849	8	0,3,6,1,7,5,8,4	0,5,1,4,6,7,3,8
1850	8	0,3,6,1,7,5,8,4	0,5,1,4,6,7,3,8
1851	8	0,3,6,1,7,5,8,4	0,5,1,4,6,7,3,8
1852	8	0,3,6,1,7,5,8,4	0,5,1,4,6,7,3,8
1853	8	0,3,6,1,7,5,8,4	0,5,1,4,6,7,3,8
1854	8	0,3,6,1,7,5,8,4	0,5,1,4,6,7,3,8
1855	8	0,3,6,1,7,5,8,4	0,5,1,4,6,7,3,8
1856	8	0,3,6,1,7,5,8,4	0,5,1,4,6,7,3,8
1857	5	0,4,5,8,9	0,5,9,4,8
1858	8	0,3,6,1,7,5,8,4	0,5,1,4,6,7,3,8
1859	8	0,3,6,1,7,5,8,4	0,5,1,4,6,7,3,8
1860	8	0,3,6,1,7,5,8,4	0,5,1,4,6,7,3,8
1861	8	0,3,6,1,7,5,8,4	0,5,1,4,6,7,3,8
1862	8	0,3,6,1,7,5,8,4	0,5,1,4,6,7,3,8
1863	8	0,3,6,1,7,5,8,4	0,5,1,4,6,7,3,8
1864	8	0,3,6,1,7,5,8,4	0,5,1,4,6,7,3,8
1865	6	1,4,5,7,9,6	1,5,9,4,6,7
1866	8	0,3,6,1,7,5,4,9	0,4,6,7,3,9,1,5
1867	8	0,3,6,1,4,5,7,9	0,4,6,9,3,7,1,5
1868	6	1,4,5,7,9,6	1,5,9,4,6,7
1869	7	1,6,2,7,3,8,9	1,7,6,3,9,2,8
1870	8	0,3,6,7,1,5,4,9	0,4,1,6,9,3,7,5
1871	7	1,5,7,2,8,9,6	1,7,6,2,9,5,8
1872	8	0,3,6,1,4,5,7,9	0,4,6,9,3,7,1,5
1873	7	1,4,6,2,8,9,7	1,6,7,2,9,4,8
1874	8	0,6,1,7,3,8,4,9	0,7,4,6,3,9,1,8
1875	5	0,3,4,7,9	0,4,9,3,7
1876	8	0,3,4,6,9,7,1,8	0,7,4,8,3,6,1,9
1877	6	0,4,3,6,9,7	0,6,4,7,3,9
1878	6	0,4,3,6,9,8	0,6,4,8,3,9
1879	7	0,3,6,1,7,9,8	0,6,9,1,8,3,7
